,track_name,album,track_id,artist,duration,popularity,danceability,energy,key,loudness,mode,speechiness,acousticness,instrumentalness,liveness,valence,tempo,year_playlist
0,Fresas con nata,Fresas con nata,48sq0JdNEbXhQTdAorTzC9,Ayax y Prok,210000,0,0.824,0.617,8,-10.429,1,0.437,0.126,0.0,0.105,0.814,115.899,2018
1,Amén,Pa'l Coche,1PLxoOKyLKqicE5ErhrzkF,Cruz Cafuné,191478,42,0.685,0.48,2,-10.174,0,0.335,0.13,0.0,0.119,0.44,183.973,2018
2,Llórame - Acústico,Llórame (Acústico),1eFx4b7oW6VGtxGBz6aTrW,Zetazen,233453,45,0.537,0.468,6,-8.551,1,0.0606,0.946,0.0,0.098,0.306,102.725,2018
3,Nit salvatge,Nit salvatge,3TwSlfvFPPoz0K1yL1Ujxn,Smoking Souls,259833,40,0.587,0.675,10,-6.734,1,0.0313,8.93e-05,3e-05,0.0984,0.382,109.978,2018
4,Amorfoda,Amorfoda,3ITvHA9zhZZdBJsOsAUegF,Bad Bunny,155675,0,0.742,0.432,9,-7.539,0,0.0615,0.984,5.78e-05,0.0796,0.252,148.005,2018
5,Ermitaño,Astola & Raton: El Hombre Caracol,3lzFbNgtkFbxFCFnNR2RpY,Astola,212369,37,0.756,0.543,4,-7.488,0,0.133,0.782,0.0,0.286,0.572,99.947,2018
6,Cóseme,Cóseme,5sCsByfBo3PGK4IHnNDaHk,Beret,198919,0,0.572,0.0434,9,-31.042,1,0.093,0.852,0.0,0.086,0.628,155.833,2018
7,HUMBLE.,DAMN.,7ujx3NYtwO2LkmKGz59mXp,Kendrick Lamar,177000,0,0.906,0.625,1,-6.779,0,0.0903,0.000243,3.23e-05,0.0975,0.423,150.018,2018
8,180,Temerario,2UiSGcM0uHDtrCkDKhrIFe,Itaca Band,225870,38,0.702,0.722,10,-6.406,0,0.0445,0.0187,0.0,0.335,0.722,101.976,2018
9,Underground Kings,Underground Kings,4SYXip1osWjtyHYgLB0YPB,Natos y Waor,162041,0,0.793,0.812,10,-6.989,0,0.188,0.0651,2.55e-05,0.106,0.404,119.97,2018
10,Comiendote a Besos,Con Derecho A...,02FKjeU8CrA2ckppBa5RJg,Rozalén,241986,58,0.585,0.539,0,-5.105,1,0.039,0.603,0.0,0.229,0.5,120.095,2018
11,Desahucio,Cara y cruz,5BruCMljVpEoMoOZkISuVF,Ayax y Prok,205322,0,0.846,0.847,1,-4.42,1,0.248,0.135,0.0,0.0889,0.788,93.034,2018
12,Un Fleje - Wayne Chiquitito Skit,Maracucho Bueno Muere Chiquito,53uSDlON1m3xjFNtU7lHWS,Cruz Cafuné,97456,29,0.664,0.822,8,-5.459,1,0.451,0.0508,0.000541,0.468,0.535,152.117,2018
13,Ya Verás (with Andrés Suárez),Dual,2kqpy5UXO6qhJ3KXSYkq0V,Funambulista,247466,45,0.567,0.625,10,-5.55,1,0.0301,0.167,0.0,0.203,0.309,138.956,2018
14,Eterna força,Cendra i or,4spTl4KIfouK44y8U2xhts,Smoking Souls,226668,33,0.623,0.561,9,-7.22,1,0.0393,0.0121,0.0,0.102,0.257,101.999,2018
15,Cuarteles de Invierno (#magasingle),Cuarteles de Invierno (#magasingle),7eUvn1e7wXWfPOGNjifItz,Vetusta Morla,239482,25,0.472,0.74,9,-5.675,1,0.0341,0.659,3.95e-05,0.104,0.424,169.879,2018
16,Guerrera,Guerrera,3Q6zROQvMXRtR9NYfDpNWL,DELLAFUENTE,208695,61,0.76,0.605,6,-6.122,1,0.052,0.165,0.0,0.185,0.644,115.09,2018
17,Capitán Cobarde,Palabras Del Capitán Cobarde,4bO6qABw4zTcA9mp37Q5uI,Albertucho,239973,36,0.587,0.512,0,-6.658,1,0.0386,0.435,2.51e-06,0.155,0.267,119.948,2018
18,SAD!,?,3ee8Jmje8o58CHK66QrVC2,XXXTENTACION,166605,83,0.74,0.613,8,-4.88,1,0.145,0.258,0.00372,0.123,0.473,75.023,2018
19,El Tren Huracán,El Tren Huracán,0CouSp6wkZKvAhvY6aLFGe,La Raíz,251715,48,0.704,0.792,2,-8.732,1,0.0513,0.0483,0.0,0.0691,0.58,120.031,2018
20,Dime Quien Ama de Verdad,Inéditos,0GeUyDNaZe5LSvyaYS1boH,Beret,178000,0,0.762,0.407,1,-9.658,1,0.425,0.51,0.0,0.135,0.633,82.062,2018
21,La prueba,Anclas,1nFGiBwxm86hI93MO3wsLI,Gata Cattana,296000,0,0.357,0.66,7,-11.227,0,0.134,0.0553,0.0316,0.104,0.236,139.771,2018
22,Rude Girl,Dolç Atac (Studio),4WEpx43cE3iz2uzjVOkxkH,Auxili,166818,42,0.858,0.888,0,-5.069,1,0.0417,0.212,2.63e-06,0.0378,0.843,137.978,2018
23,Cuenta Conmigo,Maracucho Bueno Muere Chiquito,09mher1pkrrvgc5PKBbvxS,Cruz Cafuné,212863,43,0.807,0.451,6,-7.177,0,0.0416,0.155,0.0,0.107,0.364,120.06,2018
24,Temerario,Temerario,1nO2vGrP18kP5ok92k3MOH,Itaca Band,201802,42,0.65,0.804,2,-8.147,0,0.0575,0.0167,0.0,0.0976,0.879,150.028,2018
25,Ese cosquilleo,Cara y cruz,6Zcyvk9QmBpdyk93LmsqzL,Ayax y Prok,206533,0,0.691,0.817,1,-5.573,1,0.32,0.504,0.0,0.368,0.421,89.963,2018
26,Addictes,Nòmades,5CJ0PVqWFnqRaAylK6Z4Dl,Smoking Souls,231106,19,0.402,0.934,5,-5.085,0,0.238,6.75e-05,0.0,0.275,0.623,181.037,2018
27,Hopeless Romantic (feat. Swae Lee),Rolling Papers 2,7IBSffWIu7P2MC7kMwy2FM,Wiz Khalifa,226742,67,0.877,0.477,9,-7.379,0,0.0587,0.307,0.0,0.0929,0.552,127.023,2018
28,Carretera,Carretera,6iNJ8Zdt3Kb2E7JuvTj6B5,Natos y Waor,214588,11,0.673,0.753,4,-6.632,0,0.0549,0.734,0.0,0.111,0.592,84.96,2018
29,Contigo,Pa'fuera y Pa'dentro,4pesB5Dew0MP6mwvyfj4sX,La Otra,200416,0,0.699,0.275,3,-11.898,1,0.0457,0.62,9.55e-06,0.101,0.559,120.305,2018
30,Quan caminàvem,Essència,3dx71UjqkLL9RuMCSQciFa,Aspencat,234893,0,0.705,0.805,7,-6.28,1,0.0507,0.0251,0.0,0.187,0.828,95.042,2018
31,Estiu,Tempestes Vénen del Sud,6R9Q6q4KaS9EuwDmHa8pCn,ZOO,215736,0,0.644,0.671,1,-6.395,1,0.389,0.0452,0.0,0.0824,0.966,88.015,2018
32,Llorando en la Limo (feat. Alizzz),Llorando en la Limo (feat. Alizzz),0Umt5FqtUbnP4iR1QejfzB,C. Tangana,139354,47,0.779,0.371,9,-8.89,0,0.163,0.036,1.32e-05,0.26,0.365,155.087,2018
33,the remedy for a broken heart (why am I so in love),?,4UKCKdYiLN6IMA5ZESUTL7,XXXTENTACION,160184,79,0.699,0.304,1,-11.192,1,0.0993,0.779,0.000993,0.137,0.271,119.705,2018
34,Coquito la Pieza,Maracucho Bueno Muere Chiquito,3MK6pVyk4dexZGlR7NokJr,Cruz Cafuné,188351,46,0.757,0.789,7,-6.207,0,0.132,0.0734,0.0,0.236,0.513,90.004,2018
35,Perogrullo,Perogrullo,6mQWvPfyRtrTuKDm5DJeFK,Bejo,221176,0,0.795,0.693,6,-8.005,1,0.352,0.912,0.00217,0.117,0.833,102.009,2018
36,Canela en Rama,Lo Mal Que Estoy y Lo Poco Que Me Quejo,0UMdgDWdsU486W6MErT2Zr,El Kanka,199505,0,0.79,0.487,0,-7.239,1,0.0567,0.733,0.0,0.107,0.642,103.036,2018
37,Guarda'm l'aire,Cendra i or,6LnYlWJ7fwIWFwPQptJ5TX,Smoking Souls,330429,30,0.318,0.623,0,-6.488,1,0.0369,0.00239,1.71e-06,0.258,0.294,88.026,2018
38,Mira tú qué ritmo,Mira tú qué ritmo,7uGFZKYUSEXa9JydFyfDgZ,Ayax y Prok,158472,0,0.922,0.829,0,-6.027,1,0.308,0.321,0.0,0.341,0.88,125.725,2018
39,Cojo el saco y me retiro,Rockallano,70MAtVBITOe87jTUlRhzd8,Astola,286960,29,0.884,0.574,9,-7.567,0,0.0639,0.181,0.000373,0.0653,0.834,128.018,2018
40,Bella - Remix,Bella (Remix),0SaYeGhSXN0dDWstyNTQ56,Wolfine,218360,0,0.917,0.476,3,-6.621,1,0.0655,0.304,0.0,0.103,0.87,93.987,2018
41,Cicatrices,Cicatrices,19OsDvOm2hw28Bqg7wo4Ox,Natos y Waor,180000,21,0.718,0.814,8,-5.467,1,0.345,0.695,0.0,0.125,0.27,120.04,2018
42,Lo siento,Lo siento,7HNJNqsBZ7qc6UmYEq8bie,Beret,229939,0,0.419,0.407,11,-9.011,0,0.0446,0.576,0.0,0.138,0.309,79.839,2018
43,Nosotros Lo Hicimos,21 Centimetros,65mRD6goKQX50reMDICnEx,Duo Kie,253186,30,0.726,0.932,1,-3.125,1,0.209,0.122,0.0,0.322,0.885,90.917,2018
44,Hoy,Surrealismo,5jUijZoowytMVFyBa76YL3,Los De Marras,202880,0,0.68,0.934,11,-4.787,1,0.0396,0.0277,1.9e-05,0.106,0.899,102.509,2018
45,Mi Casa,Pa'l Coche,3sdbjDa8Rvmfn8k7pz7znc,Cruz Cafuné,166113,53,0.888,0.563,1,-7.432,1,0.142,0.138,8.13e-06,0.116,0.444,99.481,2018
46,Torna'm,Temerario,1NzY8ZgJxVKpqUXTfGFhH0,Itaca Band,207326,35,0.587,0.743,0,-6.648,0,0.0936,0.0207,0.0,0.0815,0.863,175.895,2018
47,Niña voladora,Las canciones que escribí mientras volaba,6t9ot6JHFylOIfKRRvxIS8,Juanito Makandé,222839,0,0.75,0.416,9,-8.205,1,0.0996,0.744,4.2e-05,0.156,0.729,145.135,2018
48,Camina,Camina,6BQEZ7bLf5ZnNbZ2Ac6FxY,AMBKOR,235540,0,0.667,0.835,9,-7.923,0,0.348,0.889,0.0,0.0907,0.278,83.866,2018
49,"A veces se me pasa, a veces paso",Cara y cruz,1Xet933o3e612B2HPY63pV,Ayax y Prok,157890,0,0.717,0.953,9,-4.333,1,0.314,0.104,0.0,0.21,0.667,93.06,2018
50,Llueve en Semana Santa,Así en el Cielo Como en la Selva,1VrwBgWyGqro52jYSWS5YY,La Raíz,271455,36,0.754,0.879,9,-4.51,1,0.038,0.0214,0.0,0.498,0.799,111.48,2018
51,Me Inventaré (with Dani Martin),Dual,3KRIjXjUYoiweWF8x8Eg6v,Funambulista,256959,43,0.51,0.618,4,-6.27,1,0.0299,0.171,0.0,0.0983,0.321,136.191,2018
52,Revoltes,Dolç Atac (Studio),11UpB14DFQCDRiVpWk4X2m,Auxili,184413,24,0.668,0.807,0,-6.112,0,0.0314,0.0905,0.0,0.118,0.938,163.848,2018
53,Vuelve,Vuelve,3jMwSd2zqGOwJStCatpjAr,Beret,148633,0,0.689,0.456,11,-10.033,1,0.094,0.546,0.0,0.104,0.474,77.426,2018
54,Alcohol i sal,Cendra i or,4bMiGBTBwGNT5MZBjRVEyI,Smoking Souls,256304,20,0.624,0.639,5,-5.838,0,0.0401,0.0088,0.0,0.156,0.302,102.479,2018
55,Esbarzers,La Polseguera,7tiu52iT5YeFY7QhOCpmOs,La Gossa Sorda,265386,44,0.816,0.804,6,-5.914,0,0.0365,0.0474,0.0,0.0838,0.963,143.97,2018
56,Miénteme,Miénteme,3d0CVvh3V9XOesXzkrD21j,Cruz Cafuné,166996,44,0.886,0.382,3,-8.493,0,0.418,0.261,0.0,0.109,0.326,130.59,2018
57,R U Mine?,AM,2AT8iROs4FQueDv2c8q2KE,Arctic Monkeys,201726,82,0.288,0.758,6,-5.692,0,0.0371,0.00616,0.0,0.303,0.619,97.094,2018
58,Que Bello Es Vivir,Lo Mal Que Estoy y Lo Poco Que Me Quejo,08SzJ36bldPrL8WiT0blvB,El Kanka,236762,0,0.582,0.649,9,-5.114,1,0.0687,0.7,0.0,0.118,0.833,104.575,2018
59,Pausa,Pausa,3gwdBvSZDtLqjCSvFYLbpK,IZAL,172516,28,0.503,0.311,11,-11.379,0,0.028,0.862,0.00225,0.0969,0.0832,81.937,2018
60,Salgo a la Calle (Bonus Track),Boikotea!!! (Live),496O2EfJmGm6LQpWjt9bGj,Boikot,208480,37,0.669,0.898,1,-4.988,1,0.0882,0.00423,0.000301,0.0918,0.786,107.516,2018
61,Elegiré,Así en el Cielo Como en la Selva,718HCXN1Jntgf0cywbSZch,La Raíz,277417,40,0.616,0.692,2,-5.31,0,0.0577,0.00583,0.0,0.0901,0.793,171.951,2018
62,El roce de tu cuerpo,Muy Deficiente,3EPd9riN2R8Zjl6GkrxxGl,Platero Y Tu,250093,56,0.457,0.904,7,-4.67,1,0.0659,0.015,5.01e-05,0.2,0.237,171.633,2018
63,Si tu vols,Tresors,0XTiC5IuEnmChnWyoZSBSl,Auxili,235348,33,0.749,0.72,3,-7.923,0,0.0357,0.0135,0.0,0.0698,0.667,142.007,2018
64,Esto es rojo y negro,Esto es rojo y negro,4tNc2wkHPDtsljEt3aODpX,Ayax y Prok,121263,0,0.72,0.647,7,-10.538,1,0.586,0.34,0.0,0.0793,0.696,95.286,2018
65,Moonlight,?,0JP9xo3adEtGSdUEISiszL,XXXTENTACION,135090,82,0.921,0.537,9,-5.723,0,0.0804,0.556,0.00404,0.102,0.711,128.009,2018
66,Calavera no chilla,Calavera no chilla,5dgA6aIoYJvTz48qAI0rPf,Natos y Waor,211428,8,0.668,0.736,3,-4.883,0,0.043,0.326,9.88e-06,0.113,0.366,84.033,2018
67,Mango,Pa'l Coche,0NvTKlWvcMAAnk6R5YEuqT,Cruz Cafuné,177294,40,0.81,0.397,3,-10.389,0,0.175,0.34,2.77e-06,0.181,0.866,88.021,2018
68,Ahí Va la Niña,Desde una Ventana,0S97fTj264zDbSQ5yWQWqB,Andrés Suárez,180906,42,0.781,0.511,3,-5.934,1,0.0547,0.468,0.0,0.11,0.894,122.852,2018
69,No me beses en la boca,No soy de nadie,1exduosuXG0m9eDk1j6KTW,Kutxi Romero,229177,0,0.705,0.304,9,-13.212,0,0.0296,0.831,0.164,0.0674,0.507,113.916,2018
70,Cállate,Un año bajo la lluvia,1deQQ1I4Q559MH6DHDzuXD,AMBKOR,180636,0,0.627,0.891,1,-5.096,1,0.302,0.317,0.0,0.125,0.728,167.926,2018
71,Monstruos,Monstruos,2zQSoFnkWXzQwyh77xuQ0t,Leiva,243880,47,0.419,0.44,2,-8.023,1,0.025,0.109,0.000311,0.347,0.163,78.737,2018
72,Malos pelos,Astola & Raton: El Hombre Caracol,4IgnPB9WdKDxdQFKcb8hYP,Astola,216421,15,0.663,0.788,8,-6.642,1,0.158,0.322,0.0,0.579,0.961,138.166,2018
73,Diez Mil Porqués,Inéditos,6e8VRfJBGDJzS6EDcfokIq,Beret,210151,0,0.718,0.611,7,-7.502,0,0.083,0.319,0.0,0.132,0.597,139.917,2018
74,Hui la liem,Tresors,0cpToG2pZPh9TK3snKAVHO,Auxili,226844,37,0.823,0.817,6,-7.088,0,0.0547,0.0116,2.55e-06,0.07,0.605,103.526,2018
75,Zapatillas,Zapatillas,42VgiRyg0YjtRVLiPFNxPJ,El Canto Del Loco,172640,63,0.428,0.956,8,-2.382,0,0.178,0.0281,0.0,0.58,0.686,198.076,2018
76,Antes de Morirme (feat. Rosalía),Antes de Morirme (feat. Rosalía),7aFBy1CBLGnZE1Iv6TvEZE,C. Tangana,199994,0,0.865,0.498,8,-8.882,0,0.168,0.0718,0.00312,0.108,0.131,97.921,2018
77,Si No Te Tengo,Hijos de la Tierra,13nYJZLxyzNGxyGaHTKM4F,Green Valley,327029,0,0.755,0.595,11,-9.078,0,0.0917,0.0522,1.27e-05,0.106,0.406,129.954,2018
78,Ventiladors,Raval,2bYdFvFow6fNIJL3XpvDbo,ZOO,214247,0,0.839,0.834,6,-3.705,0,0.125,0.0439,0.0,0.12,0.961,120.023,2018
79,Voy a Celebrarlo,Si uno no se rinde,7Dd5p5mFpkZlEllO4Y7pCI,Lágrimas De Sangre,392561,52,0.665,0.718,7,-8.06,1,0.238,0.354,0.0,0.584,0.782,95.065,2018
80,Copenhague,Un Día en el Mundo,4bZEZhCq2kqUxnMacXVl5x,Vetusta Morla,303693,60,0.559,0.742,9,-3.945,1,0.0243,0.411,0.0107,0.133,0.482,92.959,2018
81,La vereda de la puerta de atrás,"Yo, Minoría Absoluta",4kJP8Z888wREJ8bRMWNMuk,Extremoduro,243320,63,0.403,0.893,9,-2.735,0,0.0474,0.437,0.000173,0.11,0.527,141.194,2018
82,Mardy Bum,"Whatever People Say I Am, That's What I'm Not",2fyIS6GXMgUcSv4oejx63f,Arctic Monkeys,175440,73,0.634,0.599,2,-5.447,1,0.0365,0.0288,0.0,0.197,0.312,112.215,2018
83,Como Solía,Como Solía,57kf0CZiA4NRhI4dKl4LPe,Cruz Cafuné,200072,38,0.878,0.543,10,-4.707,0,0.0441,0.205,3.81e-06,0.095,0.33,119.942,2018
84,Ojalá,Ojalá,1bKLec07c65Zt7RV5Xt5yo,Beret,220909,0,0.503,0.615,5,-9.128,1,0.137,0.661,0.0,0.122,0.318,153.478,2018
85,Borracha y Callejera,Así en el Cielo Como en la Selva,6zPiKClLU2ixBsuNAjWFp1,La Raíz,242569,38,0.733,0.65,6,-5.953,0,0.0312,0.00223,0.0,0.118,0.628,119.013,2018
86,Caminaré,Caminaré,3NTUGxmDIRf40iS5gZOhBu,Natos y Waor,276000,7,0.709,0.55,7,-5.518,0,0.0872,0.329,2.09e-05,0.0939,0.284,140.081,2018
87,Te Doy Media Noche,Mi Pequeña Historia,6iSRWMtQCP8tdxtSTKbcUj,Andrés Suárez,173453,41,0.527,0.338,5,-9.63,1,0.0366,0.688,0.0,0.116,0.321,70.554,2018
88,Same Love (feat. Mary Lambert),The Heist,6IFa4RUo2iM5L33Hkx82lr,Macklemore & Ryan Lewis,320034,0,0.56,0.475,8,-9.05,1,0.173,0.718,2.18e-05,0.0994,0.308,84.899,2018
89,Com Camot,Tresors,3WbWnTN9MaSSoQfpuAca1w,Auxili,204655,33,0.803,0.799,4,-5.785,0,0.0563,0.0416,0.0,0.1,0.842,97.012,2018
90,Química,Química,1tx7guRmiWaI8t5Qc4mqcF,Juancho Marqués,226666,0,0.272,0.542,9,-10.671,1,0.0615,0.0861,0.000767,0.102,0.262,86.817,2018
91,Vasos Vacíos,¿Quién Nos Va a Salvar?,0fZgVsd0Bk64cAUOcUnQ0X,La Maravillosa Orquesta del Alcohol,188931,49,0.516,0.537,9,-12.513,0,0.0411,0.0512,0.0,0.0787,0.367,144.887,2018
92,Free Tibet - Vini Vici Remix,Free Tibet (Vini Vici Remix),1Ic75bJnvNE3zpE7qZg7aA,Hilight Tribe,474782,0,0.383,0.947,1,-5.93,1,0.0654,0.0131,0.697,0.143,0.0741,103.512,2018
93,Corazon de mimbre,Coces al Aire 1997-2007,6ScI1xf3RszISXvLGmitY3,Marea,337666,55,0.521,0.928,9,-3.548,0,0.0837,0.0235,0.0,0.0961,0.323,90.555,2018
94,Eterna força (ParatgesPreferits) - Live,Eterna força (ParatgesPreferits) [Live],4laP22Dp48tNCZIGBJNqsh,Smoking Souls,237500,0,0.513,0.465,9,-6.318,1,0.0593,0.858,0.0,0.36,0.208,95.859,2018
95,Do I Wanna Know?,AM,5FVd6KXrgO9B3JPmC8OPst,Arctic Monkeys,272394,87,0.548,0.532,5,-7.596,1,0.0323,0.186,0.000263,0.217,0.405,85.03,2018
96,Gin and Drugs (feat. Problem),Rolling Papers 2,1NX3nkD48kz4BLgxUhtt5s,Wiz Khalifa,153756,45,0.829,0.803,9,-4.153,1,0.258,0.131,0.0,0.636,0.766,98.968,2018
97,Generación perdida,Cicatrices,4yGusLC2fJbi1N3hcJNbAP,Natos y Waor,184000,9,0.679,0.752,11,-4.726,1,0.309,0.355,1.09e-06,0.0985,0.372,89.903,2018
98,"Ama, ama, ama y ensancha el alma - Versión 2004",Grandes exitos y fracasos (Episodio 1º),06LdeHlnBLBDUb87cgBef0,Extremoduro,167840,43,0.482,0.858,9,-3.946,1,0.0682,0.128,0.00564,0.0991,0.613,165.876,2018
99,De Mar en Mar,El Lado de los Rebeldes,5tA30UTCxd4n5Fzaz4p6WK,La Raíz,296426,39,0.748,0.884,7,-5.471,1,0.0393,0.088,0.0,0.0528,0.956,99.024,2018
100,Narcolepsia,Yipiyou,6tnl0gz73FCRz2kzWwdUUq,FERNANDOCOSTA,149583,0,0.776,0.607,2,-8.35,1,0.367,0.308,0.0,0.11,0.771,93.85,2019
101,Ansiedad y recuerdos (feat. Prok),Ansiedad y recuerdos (feat. Prok),2xfyNgTzByyuTok5bNNkgH,Denom,168745,0,0.7,0.68,10,-5.783,0,0.316,0.315,0.0,0.12,0.359,89.976,2019
102,#RapSinCorte XXII,"#RapSinCorte, Vol. 2",1ZAM0FSr3tPynTDaGf9e1x,Foyone,146874,0,0.755,0.689,10,-10.986,0,0.354,0.0465,0.0,0.145,0.799,95.845,2019
103,Da Vinci,Da Vinci,0R8jT6yhr9S7J649gc8i21,Ayax y Prok,133140,0,0.619,0.818,1,-6.014,0,0.387,0.504,0.0,0.266,0.609,127.247,2019
104,Malamanera,Malamanera,4YePGWYi0BlfbMMjcN1dr7,FERNANDOCOSTA,182129,0,0.829,0.589,7,-6.824,1,0.255,0.522,0.0,0.12,0.376,91.988,2019
105,Modo Turbio,Modo Turbio,0prUbzY7PrJujuukMXCWbB,Kaze,227584,52,0.815,0.79,5,-8.31,0,0.205,0.0697,0.0,0.122,0.553,127.918,2019
106,Lo Que en Silencio Guardo,Recopilatorio de Temas Inéditos,5ZSHDuhxImgtzSglqEPWJ3,Kaze,165173,50,0.778,0.718,7,-7.264,0,0.303,0.58,0.0,0.12,0.965,93.207,2019
107,Criminal,Rojo y Negro,3QnMBrc2k76OwyZdjbBSwO,Ayax y Prok,193000,0,0.774,0.86,10,-4.484,0,0.325,0.387,0.0,0.237,0.759,91.96,2019
108,#RapSinCorte VII,"#RapSinCorte, Vol. 1",2lnXyKWNAdmegHJamDmEpX,Foyone,163636,0,0.552,0.866,10,-9.619,0,0.323,0.0321,4.65e-06,0.347,0.42,87.891,2019
109,Disasters,La Mazeta,26vUrzxwKJ84IgzefUKYif,Kulto Kultibo,275678,32,0.752,0.765,7,-6.595,1,0.259,0.148,0.0,0.0662,0.732,97.024,2019
110,Quédate,Quédate,2q3pG1FiSmLqVM3DJkLaGJ,Luisaker,145607,0,0.798,0.572,0,-10.863,0,0.225,0.514,0.0,0.0859,0.543,140.05,2019
111,Cada Vez,"Miseria, Sangre y Plomo",0cvlErFQaOzeyiX8FXDtfR,Desakato,332306,0,0.453,0.9,7,-4.655,0,0.043,0.000477,3.05e-05,0.2,0.256,179.917,2019
112,Cristales Rotos,Azul/Rojo,2v7exGU90YFXvlxUJ9dFvQ,Sons of Aguirre,162181,46,0.531,0.687,0,-7.4,1,0.0462,0.407,0.0,0.0875,0.943,82.562,2019
113,Danger,Yipiyou,0rNAhrPDcqtWNJXbcsF2t4,FERNANDOCOSTA,223612,0,0.65,0.521,1,-7.102,1,0.0537,0.668,1.33e-05,0.135,0.214,170.129,2019
114,Nuestros Mejores Momentos,La Hora Del Baile,285ZTlhTlkRtrC0EfCONXX,Kaos Urbano,211626,0,0.563,0.939,11,-4.258,0,0.0413,0.00404,0.000215,0.188,0.585,94.996,2019
115,Octubres rotos,Con el Viento de Cara,096dO4loq3XcU3TBDCjvfW,Desakato,201106,0,0.583,0.88,2,-5.188,1,0.0361,0.00016,0.000406,0.182,0.301,134.973,2019
116,Verborrea (with Roberto Iniesta & Iñaki Antón),Caballo de Oro,3i8T2Jk8HeN8LLQl6jSCqm,Poncho K,243920,45,0.547,0.681,4,-5.582,0,0.0387,0.0343,1.23e-06,0.106,0.348,155.969,2019
117,Por la calle abajo,Yipiyou,7xOXRdYFrQdfUyJXU9uDTV,FERNANDOCOSTA,155076,0,0.867,0.487,11,-7.697,1,0.297,0.524,0.0,0.12,0.757,90.029,2019
118,Chispa y Oxígeno,Vértigo,5SBqoQ1GNWw3SraFBAasbL,Lágrimas De Sangre,344377,46,0.606,0.663,7,-7.037,1,0.317,0.7,0.0,0.306,0.586,169.977,2019
119,God's Plan,Scorpion,6DCZcSspjsKoFjzjrWoCdn,Drake,198973,84,0.754,0.449,7,-9.211,1,0.109,0.0332,8.29e-05,0.552,0.357,77.169,2019
120,En venta? ¡No!,Ahora o Nunca,0Vckgr7ep0bqYysR8ZQbvu,Kulto Kultibo,211877,39,0.716,0.841,1,-5.445,1,0.171,0.209,0.0,0.0869,0.778,97.152,2019
121,Dinamo,Yipiyou,0madpsS4UWtL72r3i9W9xH,FERNANDOCOSTA,156985,0,0.693,0.672,1,-7.724,0,0.288,0.788,0.0,0.109,0.688,92.223,2019
122,Lutte,Amores,4eKyWOSMun3lO7qmftopQO,AYAX,245002,0,0.725,0.784,7,-7.86,1,0.392,0.15,0.0,0.564,0.651,94.75,2019
123,Te conozco bien,La Real Música Explícita,1XXnNib1BeiT0kX64m2SNT,Lágrimas De Sangre,307415,38,0.622,0.786,7,-6.595,1,0.256,0.318,0.0,0.138,0.711,178.217,2019
124,Que se joda el viento,28.000 puñaladas,35RZlC2of95tgErjy8BtVx,Marea,305253,55,0.669,0.739,9,-5.872,0,0.0329,0.0138,8.84e-06,0.136,0.764,118.04,2019
125,Pa que lo gocen,Yipiyou,7BMdZsDXxPH6Db3Ug6A2q2,FERNANDOCOSTA,220964,0,0.678,0.625,6,-7.29,0,0.109,0.349,0.0,0.116,0.277,89.982,2019
126,Manolito Caramierda,Una Historia Con Las Manos,0cMAspOC4MvMC1kRAWUzoA,Poncho K,190053,43,0.674,0.851,4,-5.019,1,0.0375,0.0141,0.0,0.0464,0.914,140.0,2019
127,Si Vienes,Si Vienes,0SxZYeCnWCOFLDSR9pD0Li,Nikone,160310,31,0.712,0.626,8,-11.836,1,0.165,0.457,0.0,0.0967,0.917,89.859,2019
128,Contando Lunares (feat. Cruz Cafuné),La Dura Vida del Joven Rapero,6Cs7b9bu3fy5XhMwBA9Tz4,Don Patricio,219666,0,0.856,0.523,4,-10.481,0,0.131,0.444,0.0,0.0537,0.709,105.935,2019
129,Cowboys,Yipiyou,0EoPKG7oCySL1iJivxQzqD,FERNANDOCOSTA,139000,0,0.676,0.765,10,-5.81,0,0.358,0.772,0.0,0.0501,0.851,190.631,2019
130,Intro,Un perro andaluz,3zcRDV0iBJGJXXunsq5K8i,Delaossa,120372,0,0.488,0.743,2,-8.058,1,0.436,0.143,0.0,0.131,0.395,164.45,2019
131,Le voy a cobrar a tus labios tus miradas,Esta noche se merece otra ronda,2EIyK5s2Ni7ZX0qyN00Qh1,Sinkope,324600,40,0.288,0.504,7,-6.07,1,0.0383,0.112,1.41e-06,0.117,0.31,71.782,2019
132,Welcome To Jamrock,Welcome to Jamrock,22AbXxQbMdVqEz7xJjhccG,Damian Marley,213200,68,0.836,0.661,7,-6.502,0,0.338,0.0208,0.0,0.449,0.753,76.71,2019
133,Gusanos de seda,Yipiyou,5mFXhYVrl2dYGKvfAB82QF,FERNANDOCOSTA,202527,0,0.545,0.904,8,-5.474,0,0.165,0.738,0.0,0.204,0.447,87.933,2019
134,Bambino,Bambino,4VMMc4Yb50aH9qK2j2M1Ba,Recycled J,156000,0,0.667,0.772,4,-6.193,1,0.298,0.357,0.0,0.0763,0.294,179.918,2019
135,Sin Prisa,Sin Prisa,1LuccEv4YdpWldk4B5SAUt,Nikone,164954,44,0.652,0.442,9,-13.698,1,0.0861,0.84,5.39e-05,0.107,0.146,99.863,2019
136,Macetas de colores (feat. Los Delinqüentes) - Cáceres 2016,Eres buena gente,6dWQXXZR1IQZc20Hkjk2Dq,El Desván Del Duende,244773,0,0.748,0.675,4,-6.999,1,0.063,0.38,0.0,0.0904,0.697,102.108,2019
137,Qué más da,Yipiyou,716r0sw9uxfBPUePZep4FE,FERNANDOCOSTA,205607,0,0.692,0.576,10,-8.975,1,0.0821,0.683,3.33e-06,0.0938,0.173,114.891,2019
138,Carretera,Carretera,6iNJ8Zdt3Kb2E7JuvTj6B5,Natos y Waor,214588,11,0.673,0.753,4,-6.632,0,0.0549,0.734,0.0,0.111,0.592,84.96,2019
139,"Birra, Humo y Reflexiones",Kaos Nomada,0ZrDom12tnntosy9CLL1RK,Hard GZ,221224,45,0.673,0.857,1,-7.271,1,0.305,0.453,0.0,0.136,0.81,92.107,2019
140,En Paz,En Paz,7CdXFdt8SJvPrEUcEfUQU5,Walls,218936,0,0.766,0.359,10,-10.956,0,0.114,0.754,0.0,0.0865,0.525,93.998,2019
141,Australia Street,Caress Your Soul,0O0M44llUQuPdJAkROQRch,Sticky Fingers,219026,0,0.472,0.69,9,-8.092,0,0.0443,0.0219,0.0,0.0992,0.512,77.478,2019
142,Orgullo Banderillero,Sin Miedo a Vivir (Extended Version),0TVQ4e2Z0Cmd7Fiixj4Ofd,SFDK,268400,52,0.774,0.54,6,-6.58,0,0.406,0.0996,0.0,0.14,0.613,83.956,2019
143,Monfrero,Yipiyou,6aw9BOVHK14u1yzceAo9jw,FERNANDOCOSTA,143640,0,0.789,0.71,10,-7.004,0,0.264,0.684,0.0,0.065,0.581,92.973,2019
144,Gotta Go Get It,Gotta Go Get It,4u4UHvBQhalTiGy9G76OtM,Chicolisto,134224,0,0.731,0.691,6,-10.112,1,0.21,0.344,0.0603,0.101,0.254,80.977,2019
145,Voy a Celebrarlo,Si uno no se rinde,7Dd5p5mFpkZlEllO4Y7pCI,Lágrimas De Sangre,392561,52,0.665,0.718,7,-8.06,1,0.238,0.354,0.0,0.584,0.782,95.065,2019
146,Ermitaño,Astola & Raton: El Hombre Caracol,3lzFbNgtkFbxFCFnNR2RpY,Astola,212369,37,0.756,0.543,4,-7.488,0,0.133,0.782,0.0,0.286,0.572,99.947,2019
147,Ready to Fight,Ready to Fight,3vaCe6uWWFd3PKwVC6zepK,FERNANDOCOSTA,142249,0,0.732,0.795,8,-6.945,1,0.371,0.261,0.0,0.281,0.683,97.507,2019
148,Maldición,Maldición,63ap8n5SQhAMdP3MGwsWGP,Walls,167128,0,0.638,0.751,0,-12.638,0,0.162,0.922,0.0,0.169,0.529,102.568,2019
149,Hou hou hou,Cara y cruz,2p23Yl77TuNv1OpHPtZaz1,Ayax y Prok,126012,0,0.774,0.673,1,-4.082,1,0.284,0.0283,0.0,0.0902,0.305,98.671,2019
150,Kualqiier Dia,Tus Problemas Crecen,1XbkYc0szlepSM3Na5EcG5,Boikot,209640,48,0.593,0.977,11,-4.015,0,0.159,0.00228,3.79e-06,0.0873,0.213,107.535,2019
151,Lento,Lento,03EKwyFCVEnEYPvF8tOUwY,FERNANDOCOSTA,206982,0,0.702,0.884,10,-5.668,0,0.291,0.463,0.0,0.0946,0.865,87.838,2019
152,Lengua de Serpiente,Lengua de Serpiente,3dIxQaqs099K1uAtaHRmdS,Blake,226063,0,0.809,0.618,7,-11.823,0,0.107,0.408,0.0,0.147,0.941,102.055,2019
153,Modo Vacilón,Modo Vacilon,4opU7chKB8wzoBF9VgeUqs,Kream,223473,41,0.838,0.871,0,-4.559,1,0.315,0.334,0.0,0.137,0.839,131.996,2019
154,Rizando el rizo,Rizando el rizo,7945rq3tD057jfrZaR08Aw,Ayax y Prok,126816,0,0.635,0.718,0,-7.071,1,0.36,0.154,0.0,0.133,0.212,87.935,2019
155,Avisos parentales,Yipiyou,4kDKLSXAakfdeZ428EQh9T,FERNANDOCOSTA,193258,0,0.817,0.703,2,-7.614,1,0.269,0.357,0.0,0.0664,0.875,95.0,2019
156,23 de Junio,"Mismo Sitio, Distinto Lugar",3NolL8Ds5qRrYQSVUBKicn,Vetusta Morla,207480,57,0.442,0.473,9,-8.63,0,0.0394,0.616,1.17e-06,0.0693,0.547,172.879,2019
157,Ando a Tientas,Ando a Tientas,6GVtxYW0RvCkci90UnfBGh,SWIT EME,209680,22,0.659,0.786,4,-5.851,1,0.28,0.101,0.0,0.134,0.741,94.126,2019
158,El prota,Especies en extinción,148LxUZbZf4B1zZZnhBCbF,Rulo y la contrabanda,206280,28,0.48,0.735,9,-6.713,0,0.0399,0.00941,1.78e-06,0.302,0.425,158.759,2019
159,Reina,Yipiyou,4ezJPRiq2TqcpxOeZhzf7X,FERNANDOCOSTA,171875,0,0.739,0.915,2,-5.604,1,0.249,0.234,0.0,0.35,0.604,91.985,2019
160,El sol pegaba,Rojo y Negro,4agb4LQBYCKp5Y2tPfHV02,Ayax y Prok,141500,0,0.559,0.825,7,-5.621,1,0.446,0.383,0.0,0.247,0.748,179.907,2019
161,Guerrero,Guerrero,0JN2B8T3X0wKaILK5inMnq,Edoby,182068,46,0.565,0.81,11,-4.078,1,0.188,0.794,0.0,0.0918,0.529,173.946,2019
162,#RapSinCorte XXXIII,"#RapSinCorte, Vol. 3",2IBruv8ukHbM00wDFppdF0,Foyone,176000,0,0.631,0.805,5,-10.543,0,0.156,0.402,0.0,0.81,0.815,79.037,2019
163,How To Fly,Caress Your Soul,3jAoLij05OiNndX2XlSRdS,Sticky Fingers,202186,1,0.676,0.645,8,-9.335,0,0.0992,0.159,0.00172,0.106,0.537,151.058,2019
164,Roxanne,Rojo y Negro,1Zm7cu7k8nsgZWmSs9nvkC,Ayax y Prok,162137,0,0.752,0.791,9,-8.134,0,0.199,0.492,0.0,0.063,0.66,94.03,2019
165,Masculino singular,Veo Veo Mamoneo,52QD2RqoYu47mKA1gs4I3M,Rosendo,243040,49,0.588,0.915,2,-5.11,1,0.0352,0.00252,0.0,0.238,0.735,123.034,2019
166,Something New (feat. Ty Dolla $ign),Something New (feat. Ty Dolla $ign),33z5crv3IO5U2BOi8xod92,Wiz Khalifa,200773,48,0.814,0.635,7,-6.609,0,0.0809,0.0935,0.0,0.0892,0.784,87.581,2019
167,Aquellas Cosas Que Solíamos Hacer,Sin Trampa Ni Cartón,1CrN92KYQTOePdubueHipL,Benito Kamelas,289626,0,0.554,0.844,0,-6.103,1,0.0563,0.0337,1.72e-06,0.069,0.618,167.994,2019
168,Esto es rojo y negro,Rojo y Negro,4OSMvPP7qPNcEPBSFBFZMo,Ayax y Prok,121263,0,0.72,0.647,7,-10.538,1,0.586,0.34,0.0,0.0793,0.696,95.286,2019
169,Por Partes,Por Partes,70U7ykdqCVLAtMePYvXvnJ,Walls,184446,0,0.898,0.641,1,-7.823,1,0.117,0.423,0.0,0.123,0.916,105.019,2019
170,Por verte sonreír,Mira,6tGUkobti5ztrb9aQ0UDEx,La Fuga,400480,50,0.398,0.825,7,-2.961,1,0.0641,0.508,0.0,0.301,0.299,132.414,2019
171,Road To Zion,Welcome to Jamrock,6Ja1mjO9WcJFX3LsH22gRk,Damian Marley,317333,62,0.724,0.696,1,-6.326,1,0.201,0.123,0.0,0.106,0.433,93.607,2019
172,"A veces se me pasa, a veces paso",Cara y cruz,1Xet933o3e612B2HPY63pV,Ayax y Prok,157890,0,0.717,0.953,9,-4.333,1,0.314,0.104,0.0,0.21,0.667,93.06,2019
173,Chacho,Chacho,2GYmLDGiihlndEgCItmJCJ,Dollar Selmouni,151469,0,0.687,0.575,1,-7.726,1,0.307,0.64,5.43e-06,0.691,0.616,91.907,2019
174,Otra Noche,Mundo Kaotiko,2JXn1MQeFqowxtRxgmefuk,Kaotiko,190746,55,0.552,0.932,8,-5.418,1,0.0488,0.0234,0.0,0.104,0.538,112.031,2019
175,Apocalypse,Cigarettes After Sex,7McZS9J6h0SKoZBR6cfcFe,Cigarettes After Sex,290616,0,0.369,0.465,5,-9.017,1,0.0277,0.0211,0.6,0.109,0.177,94.435,2019
176,Obedece,Nuestro Tiempo,7wNPcsOIpuVoFiSLvgI88X,Novus Ordo,259150,0,0.635,0.752,7,-9.577,1,0.0433,0.0164,3.71e-06,0.227,0.589,87.481,2019
177,Kambelleh,F.y.a.h.,32SHwvOWV0SDAgX0efdK2c,Fyahbwoy,209023,39,0.833,0.85,11,-2.757,1,0.0871,0.446,0.0,0.546,0.844,103.012,2019
178,Diversity,Soul Pirate,2aUKZnUQDtyVS1CMU1xk9p,Alborosie,249666,42,0.715,0.512,7,-6.826,1,0.199,0.0373,0.0,0.289,0.707,133.944,2019
179,Green Morning,Green Morning,2NmB2IrvrYIN8Tz7uxNyju,Astola,186549,38,0.75,0.653,6,-6.178,0,0.0686,0.706,0.0,0.0588,0.947,142.773,2019
180,Si Quiere Estar Conmigo,Si Quiere Estar Conmigo,5RfvHDLXCeyeEBCFBlEZ3h,Dollar Selmouni,211200,0,0.732,0.787,6,-6.053,0,0.0402,0.293,0.0434,0.531,0.296,100.038,2019
181,Cadenas de Oro,F.y.a.h.,31aSfmxBwO7IJXzjZR4Y5H,Fyahbwoy,179787,37,0.594,0.718,1,-3.984,0,0.0433,0.415,0.0,0.161,0.41,87.537,2019
182,Last Resort,Infest,5W8YXBz9MTIDyrpYaCg2Ky,Papa Roach,199906,80,0.589,0.89,4,-3.719,0,0.0603,0.000481,0.00082,0.201,0.692,90.598,2019
183,Natural,Natural,6aH9fMlmoSe6bs8PDoXFxA,Suu,241600,0,0.592,0.678,0,-5.579,1,0.0362,0.371,8.74e-05,0.162,0.68,96.892,2019
184,De Golpe y Porrazo,De Golpe y Porrazo,04dt4L2848gdqKzNxphaH8,SWIT EME,199825,31,0.717,0.617,3,-13.524,1,0.395,0.452,1.87e-05,0.362,0.922,85.93,2019
185,Cicatrices,Cicatrices,19OsDvOm2hw28Bqg7wo4Ox,Natos y Waor,180000,21,0.718,0.814,8,-5.467,1,0.345,0.695,0.0,0.125,0.27,120.04,2019
186,Mil en multas,Un perro andaluz,5gFcjdrW7lc5IdlbqgutS5,Delaossa,184273,0,0.619,0.698,0,-6.929,0,0.399,0.495,0.0,0.106,0.677,126.118,2019
187,Agua Pasá,Redención (Versión Exclusiva Spotify),4QXiKcZwVr6MmgBXjsdGdU,SFDK,178946,57,0.692,0.847,5,-4.408,0,0.187,0.423,0.0,0.0768,0.449,139.773,2019
188,Desahucio,Cara y cruz,5BruCMljVpEoMoOZkISuVF,Ayax y Prok,205322,0,0.846,0.847,1,-4.42,1,0.248,0.135,0.0,0.0889,0.788,93.034,2019
189,Dale,Yipiyou,0QVTR3bmGkgIbJnlbaR4EG,FERNANDOCOSTA,181286,0,0.536,0.887,5,-6.0,0,0.221,0.439,0.0,0.285,0.912,188.116,2019
190,Patata,Patata,4ZKR6PMUbyXS8Mb6tZpM7j,Luisaker,181991,0,0.588,0.507,6,-11.836,1,0.428,0.487,0.0,0.108,0.556,169.082,2019
191,El aire de la calle,El Sentimiento Garrapatero Que Nos Traen Las Flores,2PaETSKl3w3IdtLIbDnQXJ,Los Delinquentes,186733,61,0.755,0.614,3,-9.841,0,0.0458,0.526,0.0,0.113,0.887,99.99,2019
192,Ese cosquilleo,Cara y cruz,6Zcyvk9QmBpdyk93LmsqzL,Ayax y Prok,206533,0,0.691,0.817,1,-5.573,1,0.32,0.504,0.0,0.368,0.421,89.963,2019
193,Ouh¡ Gyal,Vuela,05G5IBqgK4jMNyBfMm6fuG,Mad Division,203872,40,0.698,0.864,11,-4.164,0,0.273,0.329,0.0,0.0701,0.806,87.927,2019
194,Volar Sin Alas,Manual de Jaleo,39tZa2WbpIk300pO0WvnXH,El Canijo de Jerez,235751,42,0.494,0.83,4,-6.607,1,0.12,0.165,2.82e-05,0.0965,0.303,153.509,2019
195,Lo Tierno y la Corteza,11 Palos,1o7q2Rqdl2Ugzm4z2xa52z,Poncho K,190278,0,0.528,0.819,11,-5.22,0,0.0305,0.00783,1.35e-06,0.248,0.732,170.102,2019
196,Cuaderno de bitácora,Cuaderno de bitácora,4i8tyhs7dkrXn7EhQPmjzk,Ayax y Prok,173617,0,0.759,0.555,11,-12.895,1,0.877,0.461,0.0,0.0831,0.593,94.039,2019
197,Phantom Limb,Phantom Limb,7BgGeRpjz3REs2oYPbhhh1,Melo Moreno,233726,35,0.797,0.477,11,-7.872,0,0.0371,0.252,1.46e-06,0.267,0.587,124.112,2019
198,¡Ay! Dolores,Y Ahora Qué?,2gDwJLEw8MTn0AoJzdpBWQ,Reincidentes,248266,46,0.525,0.851,2,-5.581,0,0.0643,0.0151,0.0,0.656,0.541,100.026,2019
199,Easy,Easy,4uenWVEGaut8MKIRCcnND0,Luisaker,163555,0,0.744,0.544,11,-3.911,0,0.312,0.279,0.0,0.088,0.476,78.986,2019
200,A las Cosas por Su Nombre,Vivir para Contarlo,0avEVorPMJyPPolMbeonBB,Violadores Del Verso,259920,46,0.885,0.877,2,-5.269,1,0.171,0.214,1.44e-06,0.116,0.89,91.985,2020
201,Good News,Good News,3ClBKQkKoaUQ6UOhe2xlJK,Mac Miller,342040,55,0.794,0.32,1,-12.92,0,0.173,0.853,0.134,0.112,0.241,174.088,2020
202,"Dani Ribba: Bzrp Freestyle Sessions, Vol. 7","Dani Ribba: Bzrp Freestyle Sessions, Vol. 7",1jKq6jcjPAd2awwuYiPswp,Bizarrap,137365,54,0.924,0.622,0,-6.824,1,0.233,0.0995,0.0,0.0971,0.74,130.063,2020
203,En tu agujero,Besos de Perro,2ncjn6hRXJvtWWKlmUuNmw,Marea,304399,50,0.561,0.861,5,-4.791,1,0.0672,0.212,0.0088,0.0841,0.346,92.894,2020
204,Como el Sol 2011,Kase.O Jazz Magnetism,3NkIrWA31m4VO4Z9BW61yo,Kase.O,283840,51,0.812,0.579,2,-8.124,1,0.187,0.176,0.0,0.219,0.737,93.004,2020
205,Solsticio de Invierno,Solsticio de Invierno,2W2NpGW58cqI1n8rNEEamO,TribuTrip,103578,0,0.719,0.602,9,-13.107,1,0.0839,0.554,0.0,0.115,0.663,95.02,2020
206,Tarde,Tarde,1E1y2OMo7uCdDR8CyctL9B,Luisaker,225885,0,0.837,0.659,4,-8.202,0,0.141,0.55,0.0,0.107,0.966,135.832,2020
207,High Today (feat. Logic),The Saga of Wiz Khalifa,6TkwBmyNs21ihKTi8Bp0eo,Wiz Khalifa,199970,57,0.775,0.629,8,-5.315,1,0.0669,0.269,0.0,0.111,0.278,112.835,2020
208,Si Tú Supieras,Hueso y Carne,7gJcw2AISLuYda00yodaoF,Iratxo,294626,8,0.433,0.579,2,-4.333,0,0.0901,0.857,4.35e-06,0.102,0.452,80.021,2020
209,Ladders,Swimming,39NDBdU5Xkm5pCFGa5kZtI,Mac Miller,287040,71,0.802,0.463,8,-8.379,1,0.162,0.236,0.00531,0.105,0.291,103.961,2020
210,Vive,Vive,765oF6lDaO3PONcaPdmpHd,Luisaker,194429,0,0.685,0.737,6,-7.08,0,0.227,0.186,0.0,0.0705,0.461,184.076,2020
211,"Dani Ribba: Bzrp Music Sessions, Vol. 24","Dani Ribba: Bzrp Music Sessions, Vol. 24",6TNuRFdNazLbbVQTRE8pZg,Bizarrap,173251,46,0.913,0.689,11,-7.74,1,0.349,0.287,0.0,0.104,0.851,129.889,2020
212,Con mi voz,Buenos dias,0jPod8hBi7nspUTs2mmWos,Mäbu,185533,36,0.752,0.627,1,-4.997,0,0.042,0.39,0.00334,0.127,0.938,129.848,2020
213,Radioactive,Radioactive,69yfbpvmkIaB10msnKT7Q5,Imagine Dragons,276040,65,0.483,0.894,9,-3.9,1,0.223,0.0407,0.0,0.282,0.278,139.858,2020
214,Seat Blanco,Lo Primero Es Lo Segundo,6oujfNf6UZx002YtjnBSmU,Grupo Viral,254066,0,0.621,0.462,3,-6.58,1,0.0242,0.41,2.97e-05,0.277,0.289,99.867,2020
215,"Bejo: Bzrp Music Sessions, Vol. 27","Bejo: Bzrp Music Sessions, Vol. 27",2e3WiB8E5tf96JObVIFqWB,Bizarrap,175438,43,0.78,0.695,0,-6.716,1,0.474,0.291,0.0,0.089,0.729,80.196,2020
216,Segundo movimiento: lo de fuera,La ley innata,5anSoPoSIy7NzsauFNY0pT,Extremoduro,703226,50,0.257,0.86,4,-4.476,0,0.0789,0.156,0.11,0.53,0.471,174.701,2020
217,Demons,Night Visions,5qaEfEh1AtSdrdrByCP7qR,Imagine Dragons,177506,84,0.505,0.71,3,-3.015,1,0.0321,0.19,0.00025,0.269,0.428,89.938,2020
218,Lluvias de Abril,Niebla Y Hollín,6izqNLymT6DQfKkw3HTyq0,Exceso,162466,34,0.258,0.914,9,-4.505,0,0.217,0.00789,0.0,0.0684,0.355,191.959,2020
219,Los Buenos,Los Ríos de Alice (Original Game Soundtrack),3FzuQ398ughVa456X6PCV6,Vetusta Morla,255045,49,0.665,0.489,7,-8.572,1,0.0285,0.7,0.0489,0.683,0.577,117.292,2020
220,Nítido,Nítido,5gEcJjcrveT2gRuyPyPeDt,Luisaker,246000,0,0.723,0.539,6,-10.094,1,0.417,0.808,0.0,0.283,0.802,80.11,2020
221,Ciego,A Versos y a Bocaos,55EdPIrh2UXqw9gtNECw8e,Iratxo,256888,23,0.586,0.385,0,-9.409,1,0.061,0.856,7.82e-05,0.1,0.329,91.175,2020
222,Intocable,R.I.P.R.O 3,1R9XkJQA2mNMfyquA8UdSN,Lacrim,224386,47,0.787,0.78,9,-7.419,0,0.296,0.489,0.0,0.0845,0.608,92.044,2020
223,Natural,Origins (Deluxe),2FY7b99s15jUprqC0M5NCT,Imagine Dragons,189466,81,0.704,0.611,2,-6.112,1,0.0409,0.217,0.0,0.0812,0.22,100.0,2020
224,Vientos de octubre,"Recopilación, Vol. II",6oIL7sZpCgiyQgij3pi1si,Día Sexto,428292,18,0.46,0.354,0,-13.205,1,0.119,0.86,1.01e-06,0.112,0.72,91.992,2020
225,Lost Stars,V (Deluxe),1ejtHfSXQwvaAU7F82FXww,Adam Levine,267853,58,0.494,0.582,0,-4.769,1,0.0266,0.102,0.0,0.0798,0.416,82.025,2020
226,#RapSinCorte XXXVIII,#RapSinCorte XXXVIII,13fKxlakRPZCNf1iH6qQY7,Foyone,142641,0,0.753,0.807,8,-6.049,1,0.194,0.312,0.0,0.099,0.399,105.95,2020
227,Thunder,Evolve,1zB4vmk8tFRmM9UULNzbLB,Imagine Dragons,187146,84,0.605,0.822,0,-4.833,1,0.0438,0.00671,0.134,0.147,0.288,167.997,2020
228,Las Leyes,Explosiva,0eE5DpZFQI8Fvpbef7BlOE,Itaca Band,229745,0,0.575,0.413,5,-8.615,1,0.0343,0.823,0.0,0.12,0.225,78.907,2020
229,Soy un pringao,Soy un pringao,1FeCQhO1BNOHOuwEnz1rCd,Santiuve,180819,29,0.907,0.244,5,-9.178,1,0.292,0.958,4.25e-06,0.0981,0.824,139.84,2020
230,Take Me To Church,Hozier,3dYD57lRAUcMHufyqn9GcI,Hozier,241688,83,0.566,0.664,4,-5.303,0,0.0464,0.634,0.0,0.116,0.437,128.945,2020
231,Believer,Evolve,0pqnGHJpmpxLKifKRmU6WP,Imagine Dragons,204346,88,0.776,0.78,10,-4.374,0,0.128,0.0622,0.0,0.081,0.666,124.949,2020
232,Suelo soñar,Producto Infinito Version 0.4,3bUZA8syssxjVdvJDExkRi,Zenit,298893,43,0.937,0.644,10,-4.682,0,0.215,0.0499,0.0,0.0705,0.484,97.003,2020
233,Jesucristo García - Acoustic,Lo Que Hicimos en Youtube Pero Bien Grabao,6yn3fz23CoxIMqXkEubEIz,El Niño de la Hipoteca,250706,29,0.631,0.501,0,-7.006,1,0.154,0.698,0.0,0.102,0.275,144.028,2020
234,Si Tú Supieras,La última Bala,1mwUXkWgoC5ujERM6ixphc,Iratxo,299680,35,0.465,0.647,5,-7.909,1,0.0627,0.035,0.0,0.107,0.46,172.336,2020
235,Tengo Un Trato - Remastered 2015,Lujo Ibérico (Edición 15 Aniversario),13crLwJf5aEt3R8MKcisou,Mala Rodríguez,168475,52,0.917,0.638,2,-5.483,1,0.132,0.018,0.0,0.0561,0.835,93.016,2020
236,Contra Todos,995,13FbVnmgiKZdKMHPly1ekQ,995,319920,46,0.756,0.728,2,-5.104,1,0.481,0.373,0.0,0.167,0.965,88.98,2020
237,Pieces,Chuck,1ibeKVCiXORhvUpMmtsQWq,Sum 41,182040,68,0.457,0.83,5,-5.262,1,0.0321,0.00682,0.00337,0.166,0.602,99.93,2020
238,El Blues De Aranjuez,Oi! Baldorba,6YL526UdMtdi6MQRgpFaFm,Rotten XIII,243278,45,0.624,0.855,7,-2.681,1,0.0335,0.0132,0.000219,0.267,0.727,134.034,2020
239,Everybody,Circles (Deluxe),50ZbunKRxPbTa9sVu1iukc,Mac Miller,256506,49,0.875,0.599,9,-9.077,0,0.138,0.0333,0.0143,0.113,0.112,152.061,2020
240,Nico and the Niners,Trench,5SehvGGC53A7SZKCLXQcyt,Twenty One Pilots,225040,66,0.728,0.602,9,-7.748,0,0.185,0.0699,7.01e-06,0.318,0.328,140.081,2020
241,Viejos Ciegos (con Xhelazz y Sho-hai),El Círculo (Versión Exclusiva de Spotify),5o2gwaRb8YwAbcsn1VNc66,Kase.O,314960,48,0.736,0.815,0,-6.277,1,0.37,0.0736,0.0,0.84,0.871,180.034,2020
242,She Will Be Loved,Songs About Jane,7sapKrjDij2fpDVj0GxP66,Maroon 5,257133,73,0.706,0.713,0,-5.512,0,0.0301,0.0596,0.0,0.132,0.544,102.037,2020
243,Para Siempre,El Rincón de Mi Cabeza,7D5rcxwCBQI0LYE5fsS4wD,Benito Kamelas,229973,36,0.564,0.846,0,-3.617,1,0.0701,0.00153,1.48e-05,0.17,0.428,174.933,2020
244,Self Care,Swimming,5bJ1DrEM4hNCafcDd1oxHx,Mac Miller,345133,79,0.52,0.538,1,-8.109,1,0.206,0.367,0.00187,0.119,0.177,141.894,2020
245,L'enfant terrible,L'enfant terrible,20h9nDIOqGbg54vH70eVf5,Ayax y Prok,180000,0,0.764,0.877,1,-5.683,1,0.549,0.174,0.0,0.237,0.415,92.048,2020
246,Machine,Origins (Deluxe),4uGY9CqDtGtaTTLg1cgsWD,Imagine Dragons,181880,65,0.638,0.679,4,-5.278,1,0.0425,0.0016,0.00655,0.121,0.596,81.045,2020
247,Lane Boy,Blurryface,2P61EK6DMGyVyssLWS4fKy,Twenty One Pilots,253093,66,0.616,0.811,7,-4.804,1,0.0626,0.0573,1.57e-05,0.0566,0.913,159.929,2020
248,Last Kiss,Last Kiss,0QnONzv3TvHAWk294h6DaQ,Pearl Jam,195466,71,0.622,0.692,7,-6.97,1,0.0276,0.363,0.000158,0.193,0.774,112.053,2020
249,Surf,Circles (Deluxe),3m9St7c9tpJwNYN2adNESk,Mac Miller,330506,52,0.828,0.182,1,-13.066,0,0.166,0.754,0.0706,0.15,0.231,147.279,2020
250,Adam Lallana,Adam Lallana,6My4eAH9nneZrFxJdGDwuY,Kemalio,181333,0,0.704,0.808,0,-5.37,1,0.171,0.778,0.0138,0.408,0.785,90.026,2020
251,La Canción del Pensador,La Canción del Pensador,6Fy4Wt2S1edN002zerXhlQ,Ciudad Jara,265252,26,0.565,0.474,1,-8.541,0,0.0265,0.112,2.04e-06,0.132,0.138,92.02,2020
252,Sour Patch Kids,Lazy Fair,5DJNyvuMmZfsfvdTpMMmUq,Bryce Vine,252546,65,0.523,0.783,9,-5.084,1,0.0545,0.0144,1.71e-05,0.219,0.581,76.588,2020
253,Cojo el saco y me retiro,Rockallano,70MAtVBITOe87jTUlRhzd8,Astola,286960,29,0.884,0.574,9,-7.567,0,0.0639,0.181,0.000373,0.0653,0.834,128.018,2020
254,Home,Wanderlust,4fPQ3n56NbnONBtlaPMa82,Hollow Coves,202440,1,0.517,0.496,1,-11.858,1,0.0251,0.86,0.00471,0.117,0.262,84.993,2020
255,Walk On the Wild Side,Transformer,5p3JunprHCxClJjOmcLV8G,Lou Reed,254173,72,0.575,0.318,0,-16.729,1,0.109,0.683,0.000202,0.0934,0.385,104.522,2020
256,Rise Up,Evolve,3zT2616WcD9Df5m21OsCX0,Imagine Dragons,231720,67,0.447,0.74,3,-6.607,1,0.0475,0.0122,0.000228,0.0958,0.102,93.759,2020
257,Cum Laude,Esto No Es un Disco Vol.1,5lsQpCUKFaqaBGUAl9rZPR,El Niño de la Hipoteca,210239,38,0.666,0.829,2,-5.463,1,0.0587,0.206,0.0,0.193,0.575,147.979,2020
258,#RapSinCorte XLI,#RapSinCorte XLI,65EYAToF65dNtHrvnr1CKF,Foyone,132000,4,0.656,0.939,11,-6.494,1,0.484,0.449,0.0,0.692,0.653,79.57,2020
259,Ceremonia,Carácter,25TwtpGaEuHyRZomdiPL9z,Mala Reputación,229906,0,0.724,0.551,6,-6.906,1,0.0468,0.285,0.0,0.585,0.582,114.964,2020
260,Coastline,Wanderlust,2KCqAdd2ad0hpJc5ySoTE8,Hollow Coves,233973,3,0.67,0.496,2,-11.23,1,0.0277,0.627,0.00325,0.0584,0.427,100.17,2020
261,Cuando Salga el Sol,Inercia,4tnn3fGft1w1NrMvp9JMgy,Desakato,200160,0,0.509,0.973,9,-3.851,0,0.0935,0.000158,4.47e-05,0.104,0.29,150.059,2020
262,BIMBI PER STRADA (CHILDREN),BIMBI PER STRADA (CHILDREN),6KF78W66DcQ9m5YqR0r5Ig,Fedez,200820,53,0.642,0.806,5,-5.451,0,0.176,0.0206,0.0,0.11,0.562,134.002,2020
263,Lo Que en Silencio Guardo,Recopilatorio de Temas Inéditos,5ZSHDuhxImgtzSglqEPWJ3,Kaze,165173,50,0.778,0.718,7,-7.264,0,0.303,0.58,0.0,0.12,0.965,93.207,2020
264,Still Waiting,Does This Look Infected?,0jqK7sGTLsHPkQrrcrGuKD,Sum 41,158733,71,0.431,0.95,7,-4.918,1,0.26,0.00105,3.63e-05,0.272,0.56,191.936,2020
265,El villancico de los pobres / Blanca Navidad,El villancico de los pobres / Blanca Navidad,1lcvyue2bnQ5MAKxMuHC4P,Foyone,158470,0,0.668,0.653,0,-12.213,1,0.334,0.0776,0.0,0.0671,0.936,85.022,2020
266,¿Dónde te has quedado?,Maldito,7xPNsbc3z1OUzLQupEhj4b,Gritando en Silencio,299173,37,0.5,0.817,11,-6.758,1,0.0603,0.00751,0.0,0.11,0.826,184.085,2020
267,That's Life (feat. Mac Miller & Sia),That's Life (feat. Mac Miller & Sia),5h0Jgt873QtgL6nJRBGfT6,88-Keys,202390,64,0.525,0.774,9,-4.532,1,0.241,0.24,1.07e-06,0.495,0.526,154.192,2020
268,Aquellos Tipos de Largo,Lo Primero Es Lo Segundo,5emOCPdalJbwu2kiZnlDMJ,Grupo Viral,251089,0,0.506,0.861,3,-5.202,1,0.0368,0.00514,0.00434,0.319,0.812,160.048,2020
269,The Woods - Acoustic,The Woods (Acoustic),6uaIMhUZXMuT2Zz0vxrFiR,Hollow Coves,239960,0,0.568,0.558,9,-8.553,1,0.0278,0.724,0.000331,0.116,0.287,104.991,2020
270,Cypher #1 (Reggae Cypher),Cypher #1 (Reggae Cypher),0p6r91oEfG3dAmNm2nwfRx,4 Elementos,227959,0,0.691,0.785,10,-4.403,0,0.308,0.254,0.0,0.0646,0.813,89.86,2020
271,Papa Trabaja,Force & Honneur,7t6Sur23gWgExZG4hx5K4n,Lacrim,214093,40,0.81,0.772,7,-4.365,1,0.112,0.0312,5.42e-06,0.3,0.624,119.989,2020
272,Weekend (feat. Miguel),GO:OD AM,6GnhWMhgJb7uyiiPEiEkDA,Mac Miller,208080,77,0.843,0.435,8,-8.442,1,0.178,0.47,0.0,0.147,0.19,120.058,2020
273,Carretera,Carretera,6iNJ8Zdt3Kb2E7JuvTj6B5,Natos y Waor,214588,11,0.673,0.753,4,-6.632,0,0.0549,0.734,0.0,0.111,0.592,84.96,2020
274,From Afar,Dream Your Life Away,0xLoYaRyQxTDR7kNIo69B3,Vance Joy,262200,41,0.327,0.412,0,-8.511,1,0.029,0.489,7.72e-06,0.308,0.173,86.419,2020
275,Little Talks,My Head Is An Animal,2ihCaVdNZmnHZWt0fvAM7B,Of Monsters and Men,266600,79,0.457,0.757,1,-5.177,1,0.032,0.0206,0.0,0.146,0.417,102.961,2020
276,Here with You,Here with You,7fLNdannkvEtTnQiFFHHpw,Urbanites,244117,4,0.291,0.541,7,-8.455,0,0.0302,0.0244,0.0,0.0841,0.0809,89.052,2020
277,Que Te Vaya Bien,Operación Guitarra Sessions,2ehuqGxwDZqiSOqEVXS3AD,El Niño de la Hipoteca,189507,45,0.697,0.662,9,-12.558,1,0.0957,0.28,0.0,0.148,0.638,115.329,2020
278,Cinderella,Cinderella,48LCnGeww8DfeXVc5V3tAR,Ayax y Prok,162511,0,0.69,0.847,6,-5.631,0,0.214,0.127,0.0,0.0818,0.49,94.017,2020
279,Magia Pura,11 Palos,0XHRdoVTZD5Sb1wEVLxNYs,Poncho K,217640,40,0.473,0.438,4,-9.609,0,0.0911,0.73,0.0,0.121,0.685,186.421,2020
280,Sexo en la Calle,Precede,3IXBQvaHN62rF4QwqO41hD,Los De Marras,240933,0,0.42,0.905,0,-4.501,1,0.079,0.0971,0.0,0.172,0.71,140.05,2020
281,Yonki,Yonki,1oxhplrhy5Krs1SnGIWMQn,El Niño de la Hipoteca,261490,17,0.587,0.89,7,-4.928,1,0.075,0.19,0.0,0.136,0.617,115.629,2020
282,Our Love Is Our Love,Weird Kid,17yOK7gmxYIhgmp6egnuVl,Chris Malinchak,209871,37,0.788,0.519,7,-10.826,0,0.0593,0.0286,0.0107,0.0906,0.576,97.008,2020
283,Lucha De Gigantes,Lucha De Gigantes,1ozbWlTQASs311dSO5R6vp,Love of Lesbian,206880,55,0.729,0.482,4,-6.5,0,0.0301,0.339,4.38e-05,0.159,0.361,108.133,2020
284,Spirits,Hope,7GJ572zvnU94VZVrj5XRtb,The Strumbellas,203653,53,0.556,0.658,0,-6.075,1,0.0265,0.164,0.0,0.113,0.787,80.529,2020
285,A un Palmo de la Gloria,Operación Guitarra Sessions,3bxTMZlxWO02pNNm4j1Vt1,El Niño de la Hipoteca,209593,44,0.751,0.347,0,-10.379,1,0.475,0.809,0.0,0.101,0.751,73.977,2020
286,Never There,Order In Decline,3ujzd7pcdAhILCnS3oGbaU,Sum 41,260093,53,0.516,0.561,2,-5.364,1,0.0351,0.00264,0.0,0.556,0.141,139.95,2020
287,A Tu Vera,Oscuridad,7uj6MDoC3Ga3LIOBiLFsUH,Los De Marras,217146,0,0.574,0.865,11,-4.023,0,0.0552,0.0126,0.0,0.175,0.555,89.902,2020
288,Cherry Wine - Live,Hozier,4Q66chx9WzqWcLItXoZ5r4,Hozier,240147,66,0.418,0.111,1,-14.848,1,0.0389,0.953,0.00342,0.0982,0.228,82.508,2020
289,Smells Like Teen Spirit,Nevermind (Deluxe Edition),1f3yAtsJtY87CTmM8RLnxf,Nirvana,301920,10,0.502,0.912,1,-4.556,1,0.0564,2.55e-05,0.000173,0.106,0.72,116.761,2020
290,With Me,Underclass Hero,1OTvWduKQV0MQd2gnGM9He,Sum 41,291360,62,0.167,0.851,4,-4.039,1,0.0421,0.0127,0.0,0.172,0.11,175.426,2020
291,No Eres Feo Ni Ná,2005,2sJptj7MmQA7FjcpbzXXrz,SFDK,260133,42,0.505,0.809,1,-4.683,0,0.431,0.0851,0.0,0.353,0.76,174.052,2020
292,El marinero (feat. La Maravillosa Orquesta del Alcohol),Capitán Cobarde,10ianFjBPEeVoEIBob7Eie,Capitán Cobarde,217563,39,0.361,0.852,2,-4.971,1,0.0451,0.221,0.0,0.52,0.579,125.132,2020
293,Estoy enfermo (con Melendi),Cuestion de directo,3H4gp39BIC4t3guLhjJBZr,Pignoise,154226,55,0.569,0.831,11,-3.177,1,0.0454,0.0178,0.0,0.0603,0.824,100.022,2020
294,Rap Largo,Rap Largo,1di8fdW8IFrgYWZSWlsVxD,Bejo,475810,0,0.711,0.677,6,-6.951,1,0.504,0.0305,0.0,0.0958,0.609,78.387,2020
295,Naive,Inside In / Inside Out,7BHPGtpuuWWsvE7cCaMuEU,The Kooks,203506,74,0.391,0.808,8,-6.209,0,0.0892,0.0759,0.0,0.149,0.737,100.304,2020
296,Time,Time,05v5mPkLAOoa7M5tnXXOwq,Free Nationals,210279,52,0.46,0.771,9,-7.088,0,0.328,0.518,0.000197,0.0774,0.296,88.83,2020
297,Quick Escape,Quick Escape,3FoykAESe8MNT69DpM6B4c,Pearl Jam,286573,38,0.417,0.932,9,-5.482,1,0.055,0.000187,0.00121,0.326,0.436,163.527,2020
298,Tear in My Heart,Blurryface,3bnVBN67NBEzedqQuWrpP4,Twenty One Pilots,188493,74,0.655,0.632,2,-4.802,1,0.0489,0.0189,0.0,0.0722,0.447,120.113,2020
299,Medley:Javat y Kamel/Amberes/Reunion/Kieres - Live,Gira 06/07 - Presente (Live),3cF5Ov7VKlIQ8p30nKY7XA,Violadores Del Verso,763306,31,0.51,0.949,7,-3.365,0,0.433,0.0536,0.0,0.396,0.689,184.23,2020
300,El Gordo Que la Pisa Bien,Divertimentos (Vol.1),3geFUUwPEbPsT6Tbj0lRb8,Kase.O,282843,49,0.78,0.803,11,-4.472,0,0.368,0.0584,0.0,0.336,0.737,82.267,2021
301,Tiranosaurius Rex,Divertimentos (Vol.1),6fKCqK8OB2MVnYCHD9moHj,Kase.O,184322,53,0.842,0.757,5,-6.339,0,0.281,0.06,0.0,0.0628,0.578,111.938,2021
302,Ringui Dingui (con SFDK),Divertimentos (Vol.2),7zrmKJCfEHluOWJy8LFnTs,Kase.O,205275,56,0.877,0.792,7,-5.866,1,0.0888,0.287,0.0,0.0804,0.899,119.933,2021
303,Tranquilísimo,Tranquilísimo,3znlxKwQTRVrrerCcZPus2,Israel B,143179,33,0.828,0.714,10,-6.852,0,0.108,0.185,3.15e-06,0.244,0.407,95.967,2021
304,En Bajo Perfil,Moonlight922,1f53Xa0KL3Fw1gEnuHnprI,Cruz Cafuné,253311,46,0.501,0.461,11,-10.381,0,0.337,0.228,0.0,0.153,0.257,95.278,2021
305,Alitas de mar (feat. Juanito Makandé),Crema,7ikoui4eGrHzzcOEaXtdZQ,Tu Otra Bonita,194050,51,0.653,0.605,7,-6.371,1,0.0368,0.581,0.0,0.101,0.531,157.838,2021
306,El Síndrome Anuel,El Síndrome Anuel,6Io9NpbpcUli1GihajZTUy,Foyone,365217,20,0.801,0.933,11,-6.335,0,0.408,0.214,0.0,0.282,0.393,92.141,2021
307,CAMBIA!,El Madrileño,5cNJO43VKHxD0XGbkhboZu,C. Tangana,188093,66,0.557,0.687,2,-4.721,1,0.0814,0.551,5.28e-05,0.0975,0.638,105.508,2021
308,Este Verano,☉cáncer ↑capricornio ☾virgo,5570VMVvXhONghMCBbzZZE,Cruz Cafuné,175800,46,0.736,0.557,1,-9.36,1,0.104,0.112,0.0966,0.0969,0.475,85.998,2021
309,Alegría de Vivir,Alegría de Vivir,4sJtmGdpGZKr8XMfiyJj3E,Tu Otra Bonita,204090,57,0.76,0.527,9,-7.946,0,0.0579,0.552,4.32e-06,0.1,0.7,132.096,2021
310,La Placita,La Placita,74OHxW9pnL556uodW2m6SQ,Delaossa,228292,0,0.563,0.534,4,-8.055,0,0.342,0.774,0.0,0.13,0.659,81.737,2021
311,Hong Kong,El Madrileño,4kD4ZzJ1rZIVfJ9qw85CVT,C. Tangana,203506,59,0.649,0.376,4,-7.528,1,0.039,0.0626,2.72e-05,0.0911,0.434,97.848,2021
312,Foxy Eyes,☉cáncer ↑capricornio ☾virgo,6N6q3sjuenff6vQpalPHuH,Cruz Cafuné,259518,43,0.751,0.287,9,-13.868,1,0.188,0.143,0.000983,0.0804,0.349,135.958,2021
313,Cuando te empecé a querer,Muerte a los pájaros negros,4moRbcZVVx9MlMpfNFD3Pl,Juanito Makandé,225401,0,0.689,0.651,6,-8.769,0,0.0439,0.448,2.27e-06,0.331,0.792,99.956,2021
314,Zoo Funk,Funk Experience,1m57M3GAKCBkiyzXsrizeo,R De Rumba,247682,34,0.848,0.832,0,-4.352,1,0.192,0.287,0.0,0.239,0.832,101.984,2021
315,Muriendo De Envidia,El Madrileño,740uwCK09xVPNPr4hFpcWW,C. Tangana,182640,61,0.845,0.717,0,-6.773,1,0.359,0.428,0.0023,0.0822,0.255,93.997,2021
316,Mina el Hammani,Moonlight922,09Ae1id448lmrfETbExaRc,Cruz Cafuné,197033,51,0.851,0.476,11,-10.8,0,0.288,0.162,1.05e-05,0.168,0.223,124.992,2021
317,ENEMIGOS INVISIBLES,Tripi Hapa,1T8137xobJzWoGYd8ecYtu,Bejo,146823,0,0.518,0.73,11,-3.666,1,0.0996,0.00885,0.0,0.11,0.801,169.483,2021
318,5 de la Tarde,5 de la Tarde,3mlvmh76YzIOkUhmJlQodB,Cheti,217636,42,0.604,0.411,1,-15.157,1,0.0993,0.664,3.83e-05,0.0357,0.537,108.136,2021
319,Los Tontos,El Madrileño,4DoEHKWh8k6vYDleECQkJx,C. Tangana,192786,64,0.798,0.715,9,-5.712,0,0.187,0.365,2.08e-06,0.142,0.895,105.995,2021
320,Nmout 3lik,☉cáncer ↑capricornio ☾virgo,05ZKGe9Di06EQvEYkLJnbk,Cruz Cafuné,172058,52,0.79,0.529,7,-9.391,1,0.153,0.157,0.332,0.435,0.555,129.029,2021
321,Maan!,28 Grams (Trap Wiz),5v6baPGiSF9PJ3YpNtbIzT,Wiz Khalifa,249652,36,0.775,0.778,10,-5.166,1,0.0879,0.274,0.0,0.0629,0.427,112.175,2021
322,Es Épico,Muerte,2kd0T6zgABT8P0s2h9QU5O,Canserbero,361978,71,0.665,0.816,0,-6.753,1,0.266,0.448,0.0,0.297,0.745,93.37,2021
323,Cuándo Olvidaré,El Madrileño,4NdjM90OrP4wuHsecOMXlg,C. Tangana,189560,57,0.726,0.323,5,-9.322,0,0.185,0.818,1.03e-06,0.0999,0.461,95.803,2021
324,Fyah Fyah,Chachichacho,4ptx37L95KsPwAbhpw8DN5,Bejo,181747,0,0.799,0.808,11,-5.438,0,0.251,0.0877,0.0,0.0986,0.703,103.186,2021
325,Mi Casa,Pa'l Coche,3sdbjDa8Rvmfn8k7pz7znc,Cruz Cafuné,166113,53,0.888,0.563,1,-7.432,1,0.142,0.138,8.13e-06,0.116,0.444,99.481,2021
326,Rockadown Subway Session,Rockadown Subway Session,3bdhZxL276JwNlNsQgu51s,Vanupié,214041,0,0.65,0.648,6,-6.694,0,0.339,0.525,0.0,0.683,0.792,140.607,2021
327,Me Maten - Live at NPR's Tiny Desk,El Madrileño (Live at NPR's Tiny Desk),5py3FJrHEuR67BjR7wm8uj,C. Tangana,242496,63,0.614,0.583,7,-10.012,1,0.523,0.526,0.0,0.718,0.794,79.04,2021
328,Cypher #2 (Reggae Cypher),Cypher #2 (Reggae Cypher),6DxQg3crCwvNYQsZw1bjsd,Pure Negga,337231,9,0.814,0.763,11,-1.817,0,0.262,0.24,0.0,0.321,0.79,90.035,2021
329,Segundo movimiento: Mierda de filosofía,Mayéutica,63Zg2q0NxOIoVu7olYHl9t,Robe,286397,49,0.489,0.708,11,-12.788,0,0.107,0.0128,2.84e-05,0.469,0.31,122.016,2021
330,Redemption Song,Uprising,26PwuMotZqcczKLHi4Htz3,Bob Marley & The Wailers,233560,69,0.671,0.256,7,-10.743,1,0.0387,0.608,0.0,0.0737,0.694,115.871,2021
331,Demasiadas Mujeres,El Madrileño,3GaGWoU1KfVqgl7vnRHP55,C. Tangana,153960,79,0.658,0.453,9,-7.378,0,0.39,0.131,0.0002,0.0848,0.358,126.043,2021
332,Rara Bien,Directo en Sdma,4lSs7nqYqxXjWiiNehh3Ji,Rupatrupa,336306,55,0.489,0.464,9,-7.537,0,0.0512,0.381,0.0,0.122,0.56,118.286,2021
333,Trappin,Trappin,2BgrVmdbY3gfSCNRsWPEKl,Yung Sarria,143823,39,0.863,0.479,1,-9.769,0,0.137,0.0102,0.000127,0.125,0.546,135.999,2021
334,Breezeblocks,An Awesome Wave,3Wu6MhnZuLuzfH5wFC2g9i,alt-J,227080,11,0.611,0.643,5,-7.372,1,0.037,0.117,0.00101,0.131,0.258,74.991,2021
335,Nunca Estoy,El Madrileño,6N4ioa3XSbvjmwdVEERl8F,C. Tangana,162493,67,0.913,0.369,2,-5.299,1,0.12,0.476,0.00609,0.309,0.436,135.019,2021
336,El Carro de la Vida - Versión Acústica,El Carro de la Vida,2rbKYumh9CLEcXhv1IVzg3,Sinkope,287873,0,0.441,0.815,2,-8.467,1,0.114,0.0496,1.01e-05,0.0854,0.328,154.995,2021
337,Pan duro (feat. Fito y Fitipaldis),Fitografía,76ruU3fgd1IuX98ugW9PMZ,Marea,222426,44,0.475,0.561,4,-9.24,0,0.0305,0.545,0.000179,0.104,0.627,145.465,2021
338,Mon Amour - Remix,Mon Amour (Remix),5TMLavqGRKNxgzMBrVpC9R,zzoilo,179940,83,0.748,0.761,2,-6.621,1,0.102,0.122,6.56e-06,0.0984,0.362,116.041,2021
339,Párteme La Cara,El Madrileño,5gEUDNQvoQjdjklrwPdGwD,C. Tangana,167866,70,0.761,0.296,0,-10.22,1,0.0484,0.551,0.000492,0.134,0.579,127.938,2021
340,Sunday Best,Where the Light Is,1Cv1YLb4q0RzL6pybtaMLo,Surfaces,158571,75,0.878,0.525,5,-6.832,1,0.0578,0.183,0.0,0.0714,0.694,112.022,2021
341,No Hay Manera,No Hay Manera,5Qn3vK8wlpxGTIrCUKVzE2,ToteKing,291506,41,0.594,0.88,3,-3.56,0,0.173,0.157,0.0,0.158,0.738,92.035,2021
342,Coraçon,Rockallano,4hr7mgbCDRQ7x1Bvw5AawC,Astola,234795,17,0.523,0.271,0,-9.992,1,0.0476,0.867,1.12e-06,0.117,0.688,159.871,2021
343,Finisterre,Finisterre,4G7nC3kXEW7TLUG2Fiv527,Vetusta Morla,195599,50,0.673,0.833,0,-6.875,0,0.0961,0.157,0.0,0.101,0.38,127.63,2021
344,Renacimiento,Kase.O Jazz Magnetism,5MFqzWaYBe7Es4CHk66Iy3,Kase.O,260786,53,0.773,0.536,1,-9.654,1,0.0692,0.163,0.0,0.218,0.744,98.034,2021
345,No puedo vivir sin ti (feat. Anni B Sweet),Mujeres,0Xfv1QCPBEPdmSbxsuaX6a,Coque Malla,215969,56,0.549,0.257,3,-14.91,1,0.0768,0.742,1.71e-06,0.0944,0.197,120.7,2021
346,Declaració De Principis,Les Ratlles Del Banyador,5Fyer3Bfi1oRz43IZ81atV,La iaia,280766,34,0.741,0.866,1,-6.824,1,0.0526,0.617,0.127,0.131,0.589,132.03,2021
347,20 de abril,Cuentame Un Cuento,7ifOnwJC0oH7cfbJQbUye1,Celtas Cortos,235333,56,0.611,0.866,0,-5.135,1,0.0285,0.0274,2.89e-05,0.278,0.826,114.016,2021
348,Para Quedarte,De Pana y Rubí,4a4ixrdj73Zpan02jBrmn3,El Kanka,276960,46,0.82,0.339,0,-10.739,1,0.0544,0.848,0.0,0.349,0.744,124.42,2021
349,Boogaloo A.K.A. Tarantula,Kase.O Jazz Magnetism,4wFASs8o9DQlnGXlK6Hgxw,Kase.O,221786,48,0.815,0.538,5,-11.888,0,0.0918,0.676,0.0,0.156,0.716,111.673,2021
350,Corazón de Goma,Hemos Visto Cosas Que Harían Vomitar a un Murciélago,3oKiGwe2vFD8raLa9dHVy1,Estricnina,249349,32,0.791,0.716,11,-7.531,0,0.169,0.386,0.0,0.131,0.804,94.157,2021
351,Bambino,Bambino,0k4RVdTt7e9nfUUh4CWva7,Recycled J,156000,43,0.66,0.773,4,-6.193,1,0.321,0.354,0.0,0.0763,0.288,179.94,2021
352,Stupid Love Story,Apa y Can,1VIQPJc3fGfX23S6SD651l,Canserbero,282697,70,0.747,0.534,8,-8.635,1,0.386,0.504,0.0,0.615,0.569,93.477,2021
353,Javat y Kamel 2011,Kase.O Jazz Magnetism,0PVV3eRcBaQsXJaR0uy446,Kase.O,386306,40,0.586,0.64,7,-9.055,0,0.28,0.329,0.0,0.101,0.927,90.799,2021
354,He Visto el Futuro,Barroco,0M3koNAo1Uf8h5V1Q5fVJW,Duo Kie,191973,0,0.573,0.895,10,-4.797,0,0.376,0.188,3.54e-05,0.41,0.961,182.62,2021
355,Otra Vez en Tus Manos,Mar Etílico,2mVyekEG6ftebCLJ7oioB1,Gérmenes,153320,42,0.638,0.803,8,-10.754,1,0.0686,0.00961,0.000294,0.426,0.871,93.935,2021
356,Los Tontos - Live at NPR's Tiny Desk,El Madrileño (Live at NPR's Tiny Desk),7s3ww2P0ShTAFLaVNVd7Rg,C. Tangana,251558,53,0.628,0.683,9,-8.615,0,0.282,0.558,0.0,0.337,0.396,107.596,2021
357,Tributo a Mr. Scarface 2011,Kase.O Jazz Magnetism,5s6TZgmQfxhtCHezhK8nJ1,Kase.O,226826,37,0.54,0.485,1,-10.207,1,0.363,0.424,1.5e-06,0.154,0.626,105.388,2021
358,Cypher #1 (Reggae Cypher),Cypher #1 (Reggae Cypher),7dTfsmUdPP1zZwWyXIOfXh,Pure Negga,228000,9,0.605,0.788,10,-4.468,0,0.32,0.262,0.0,0.0725,0.821,89.014,2021
359,It's All About,It's All About,0XO3RZYuYKsz0cORoVlQOB,Rooftime,195483,57,0.894,0.409,5,-7.609,0,0.0477,0.0914,0.0125,0.313,0.69,124.007,2021
360,Hello,The Cat Empire,1pXtUVmSS3Aky3j6nQ4sQT,The Cat Empire,224133,51,0.716,0.748,9,-6.426,1,0.151,0.333,6.54e-06,0.0899,0.76,110.015,2021
361,Mood (feat. iann dior),Mood (feat. iann dior),3tjFYV6RSFtuktYl3ZtYcq,24kGoldn,140525,13,0.7,0.722,7,-3.558,0,0.0369,0.221,0.0,0.272,0.756,90.989,2021
362,CAMBIAR EL MUNDO,Tripi Hapa,7EXYXATwUW1KeqlcOgnqqH,Bejo,167710,0,0.674,0.841,2,-5.253,1,0.197,0.565,0.0,0.119,0.753,82.911,2021
363,Primer movimiento: Después de la catarsis,Mayéutica,5WWxj79hWjVq0wIBDCIw7T,Robe,537226,50,0.373,0.486,11,-14.838,0,0.0731,0.0806,0.00124,0.16,0.236,116.792,2021
364,Stop The Clocks,Heavenly Hell,0iM4pwkaMrJAGKHVcavitw,L.A.,200400,56,0.339,0.516,1,-7.102,1,0.033,0.00343,0.0161,0.0843,0.178,203.599,2021
365,Volviendo a casa,Material inflamable,1HcEZlTASPN1lpz4EUTH60,Gritando en Silencio,216386,17,0.461,0.891,6,-4.122,1,0.0475,0.00034,0.0,0.112,0.397,153.962,2021
366,Senderos a Roma,Viridarquia,5e52T2IWnMrcInh5CpW2Po,Lágrimas De Sangre,294013,42,0.562,0.815,7,-6.205,1,0.248,0.218,0.0,0.103,0.618,189.783,2021
367,HIPÓCRITA,Tripi Hapa,3pTm2OqNHA1rJIsKVWfZEl,Bejo,133894,0,0.66,0.955,7,-3.537,1,0.23,0.00493,0.0,0.207,0.523,94.62,2021
368,Tú Me Dejaste De Querer,El Madrileño,5ddFjrPG8NgQQ6xlOQIVd2,C. Tangana,198493,74,0.823,0.723,4,-4.778,0,0.229,0.311,0.00315,0.0998,0.505,83.97,2021
369,A la luz de una sonrisa,Contratiempo,5Fronw7eoL0huzCEYSZe80,Gritando en Silencio,227093,42,0.65,0.883,3,-4.6,1,0.0803,0.133,0.0,0.0787,0.693,89.945,2021
370,La vénus du mélo,Raconte-moi... (Bonus Edition),7tk8lPTwBw2CYefi2QWR2d,Stacey Kent,227376,55,0.798,0.345,2,-12.805,1,0.0484,0.763,1.65e-06,0.115,0.486,124.164,2021
371,EL GENUINO,Tripi Hapa,5jqcyx6mD9ZtFhKL2g2uYE,Bejo,63673,0,0.661,0.91,1,-3.496,1,0.329,0.232,0.0,0.265,0.716,97.845,2021
372,Interludio,Mayéutica,4smdWRLMv9hhhZbLnJ63ds,Robe,191971,50,0.648,0.226,7,-17.069,1,0.0395,0.189,0.000166,0.172,0.496,114.092,2021
373,JOVEN PARA SIEMPRE,JOVEN PARA SIEMPRE,2hSBhzE4hbWRWl4PLMiJsu,Funzo & Baby Loud,169374,55,0.537,0.904,5,-5.868,1,0.106,0.0399,0.0,0.393,0.75,179.961,2021
374,Al filo,Al filo,1zEEcd2XToLY6WnbSATEYE,FERNANDOCOSTA,255824,0,0.703,0.721,2,-7.802,1,0.362,0.106,0.0,0.0953,0.484,90.899,2021
375,Bloom,Horizons,6fpIcWxRGGqa681gUHJonh,Surfaces,183608,48,0.872,0.561,1,-6.673,1,0.0328,0.242,8.01e-06,0.0452,0.68,114.94,2021
376,¡Qué borde era mi valle!,Para todos los públicos,7LCUy5LoikLKEBeyVqCd3s,Extremoduro,234167,35,0.562,0.902,4,-7.528,0,0.0536,0.0121,0.136,0.415,0.544,111.127,2021
377,Comerte Entera,El Madrileño,6RUr6r5OexrMOYDtgu1QtS,C. Tangana,174480,63,0.824,0.399,2,-7.299,0,0.106,0.516,1.91e-06,0.243,0.345,124.085,2021
378,Still Young,Steal the Light,4q7klA9ggWknZDhHhz9XYp,The Cat Empire,258573,49,0.613,0.762,11,-4.679,1,0.0359,0.00727,0.0,0.188,0.743,149.225,2021
379,Loving,Surf,24mEcNnglAOmHEvzQmrZaY,Surfaces,253698,49,0.493,0.589,9,-6.478,1,0.178,0.544,0.0,0.277,0.21,161.884,2021
380,Paseo,Voces de Ultrarumba,6pWeJvzpQR1ihiUSJklOzD,Estopa,216440,60,0.726,0.55,0,-9.676,1,0.0445,0.432,0.0,0.155,0.84,102.021,2021
381,WITHOUT YOU,F*CK LOVE (SAVAGE),27OeeYzk6klgBh83TSvGMA,The Kid LAROI,161384,79,0.662,0.413,0,-7.357,1,0.0299,0.213,0.0,0.134,0.467,93.005,2021
382,Tercer movimiento: Un instante de luz,Mayéutica,3jwMdFuOiSCznlA8qrFvt3,Robe,634172,50,0.511,0.732,2,-13.384,1,0.0841,0.022,5.85e-05,0.278,0.288,92.458,2021
383,Bécquer (Con Ara Malikian),Divertimentos (Vol.2),5Qrp8hUGZiEyLGxNj5t1dK,Kase.O,239993,40,0.509,0.653,0,-7.763,0,0.312,0.213,0.0,0.203,0.243,85.477,2021
384,Matilda,An Awesome Wave,1bsAHy2mQkv9uLVJkqD7sf,alt-J,228706,3,0.58,0.666,2,-9.204,1,0.0298,0.788,0.385,0.116,0.279,147.975,2021
385,La Verdad,La Verdad,5DrikCrFK2V1F7NtEBqSXO,Siloé,157964,58,0.611,0.624,9,-4.349,1,0.0349,0.734,0.0,0.0629,0.523,117.143,2021
386,"No Woman, No Cry - Live At The Lyceum, London/1975",Legend - The Best Of Bob Marley And The Wailers,5rPnv4gceOGKCqbN06F2aJ,Bob Marley & The Wailers,428360,58,0.641,0.657,1,-9.354,1,0.0604,0.276,0.0261,0.713,0.602,78.132,2021
387,A Solas Con un Ritmo 2011,Kase.O Jazz Magnetism,3aQTKiafwWf1wRx5ggiHv7,Kase.O,335973,43,0.548,0.63,4,-9.937,0,0.124,0.325,0.0,0.122,0.532,93.538,2021
388,Small Worlds,Swimming,4gT3mNJA8lnlkYFqGZ8IA2,Mac Miller,271733,77,0.516,0.546,5,-9.105,1,0.249,0.814,4.5e-06,0.0995,0.515,78.267,2021
389,GUAGUAGUA,Tripi Hapa,40tPsEIv5jBw3ZCJSMnAoP,Bejo,197333,0,0.689,0.935,10,-1.46,0,0.236,0.0762,0.0,0.348,0.644,90.102,2021
390,Cuarto movimiento: Yo no soy el dueño de mis emociones,Mayéutica,6byvMlUkFmNZIl8aprXRhL,Robe,891152,49,0.535,0.704,2,-13.44,1,0.0465,0.00906,0.00195,0.112,0.554,97.017,2021
391,Mc Escandaloso Xposito,Kase.O Jazz Magnetism,3xl7FVmcIyZHQEISkNnnEB,Kase.O,141453,40,0.726,0.482,6,-11.024,0,0.22,0.0585,0.0,0.0421,0.929,177.968,2021
392,Chapter 7 (feat. Ty),Chapter 7,04fnzAJxtQZFVbn8N3XrQm,Ezra Collective,287320,46,0.787,0.523,7,-8.628,0,0.0603,0.205,0.0492,0.115,0.803,105.041,2021
393,CINCUENTA ESTRELLAS MICHELÍN,Tripi Hapa,30pLcJ8aS1foFCFT68Z0HA,Bejo,219428,0,0.404,0.846,6,-6.548,0,0.133,0.767,0.000882,0.159,0.792,137.627,2021
394,The Scientist,A Rush of Blood to the Head,75JFxkI2RXiU7L9VXzMkle,Coldplay,309600,85,0.557,0.442,5,-7.224,1,0.0243,0.731,1.46e-05,0.11,0.213,146.277,2021
395,Quieres 2011 Con Kami,Kase.O Jazz Magnetism,4BeT1FiBrhwXP0g8xSnUWL,Kase.O,253333,39,0.66,0.464,1,-9.829,1,0.16,0.741,0.0,0.205,0.711,90.962,2021
396,The Lost Song,The Cat Empire,72fkIO8SD7tKZ9jiiF0Jyu,The Cat Empire,195800,49,0.622,0.525,2,-9.854,0,0.0392,0.171,0.00144,0.0855,0.304,78.446,2021
397,Respect da Woman - Acoustic,Way Of My Life,5DT3cFIhE6hE8kGVjgFqSB,Lidiop,252073,0,0.763,0.471,7,-7.282,1,0.165,0.799,0.0,0.12,0.833,81.622,2021
398,Filosofía y Letras,Vivir para Contarlo,5ZEYoO7GqDlHHD08aYUkHj,Violadores Del Verso,318746,44,0.892,0.87,1,-5.378,1,0.208,0.198,0.0,0.199,0.925,93.009,2021
399,MIERDA,Tripi Hapa,3ofAA4Af9EdvSLEtzFjvXt,Bejo,230110,0,0.626,0.936,0,-2.346,0,0.248,0.475,0.0,0.125,0.848,167.978,2021
400,Everlong,The Colour And The Shape,5UWwZ5lm5PKu6eKsHAGxOk,Foo Fighters,250546,83,0.413,0.881,11,-5.541,0,0.0367,5.99e-05,0.000308,0.0805,0.364,158.066,2022
401,My Hero,The Colour And The Shape,4dVbhS6OiYvFikshyaQaCN,Foo Fighters,260026,75,0.398,0.927,9,-4.212,1,0.0567,6.2e-05,0.000177,0.0575,0.311,77.106,2022
402,MAN ON THE MOON,TM,3UdquFlgsSBKueNRHgjOiG,BROCKHAMPTON,240600,64,0.736,0.737,7,-7.726,1,0.0437,0.0732,0.631,0.109,0.534,145.006,2022
403,Best of You,In Your Honor,5FZxsHWIvUsmSK1IAvm2pp,Foo Fighters,255626,75,0.366,0.94,1,-5.119,0,0.0696,0.000769,9.42e-05,0.188,0.369,130.198,2022
404,No L's,Luv 4 Rent,12CNybio0Bxean3F3uYugU,Smino,175018,68,0.786,0.65,1,-6.472,1,0.31,0.156,0.0,0.127,0.492,130.993,2022
405,No me calientes que me hundo - Versión 2004,Grandes exitos y fracasos (Episodio 1º),0Iwnl26lJCOtbyAnsIfDNW,Extremoduro,172053,39,0.472,0.879,7,-4.06,1,0.0461,0.0533,0.00335,0.131,0.573,137.688,2022
406,FMG,TM,3Tlkud5UiGv7FCc3RcYbhG,BROCKHAMPTON,150600,63,0.755,0.472,11,-9.286,1,0.342,0.0481,0.0,0.198,0.463,150.078,2022
407,Wild Irish Roses,blkswn,6efkcs2aUBMFKxl0cl2JWQ,Smino,169319,68,0.639,0.295,0,-11.237,0,0.544,0.554,3.09e-05,0.3,0.634,86.947,2022
408,Good Wine,Good Wine,16QxSt81FZSUynjfopa8pv,Katori Walker,126114,45,0.636,0.687,8,-5.887,1,0.308,0.365,4.89e-06,0.176,0.531,77.147,2022
409,Are You Gonna Be My Girl,Get Born,305WCRhhS10XUcH6AEwZk6,Jet,213800,75,0.613,0.953,2,-3.435,1,0.0855,0.00148,0.000582,0.152,0.537,105.046,2022
410,No Me digas Nada,No Me digas Nada,15wMJJiVpt2ABQw032Rywi,Quevedo,148386,78,0.49,0.692,7,-4.291,1,0.274,0.336,0.0,0.659,0.484,102.16,2022
411,Somethin Wrong In Heaven,While We're Here,73ekBE1ZHp8ySUaX0YdCtR,Marlon Craft,165939,64,0.674,0.734,1,-7.204,1,0.351,0.0409,0.0,0.166,0.492,93.242,2022
412,Won't Bite (feat. Smino),Hot Pink,7k51pIqTGEHHZOnpI11Qq2,Doja Cat,195213,66,0.807,0.783,5,-3.115,1,0.0964,0.351,0.0,0.14,0.592,127.996,2022
413,Los mismos clavos,Las aceras estan llenas de piojos,61K7dM7FIxTRf0vLM5rZBP,Marea,153586,51,0.629,0.488,9,-10.248,0,0.0373,0.847,0.00505,0.102,0.801,101.724,2022
414,Sacrifices (with EARTHGANG & J. Cole feat. Smino & Saba),Revenge Of The Dreamers III,7wTA0NKIm6T7nP2kaymU2a,Dreamville,382306,67,0.825,0.672,0,-7.108,1,0.418,0.0858,0.0,0.123,0.246,147.01,2022
415,Ahora y Siempre,Ahora y Siempre,4iaNmAvcZ6sPGvgZ6vQQdx,Quevedo,149275,76,0.659,0.629,4,-7.86,1,0.0825,0.716,0.0,0.422,0.416,118.964,2022
416,Learn to Fly,There Is Nothing Left To Lose,5OQsiBsky2k2kDKy2bX2eT,Foo Fighters,235293,76,0.465,0.919,4,-4.025,1,0.0408,1.83e-05,2.07e-05,0.262,0.537,135.997,2022
417,Smells Like Teen Spirit,Nevermind (Remastered),4CeeEOM32jQcH3eN9Q2dGj,Nirvana,301920,82,0.502,0.912,1,-4.556,1,0.0564,2.55e-05,0.000173,0.106,0.72,116.761,2022
418,The Pretender,"Echoes, Silence, Patience & Grace",7x8dCjCr0x6x2lXKujYD34,Foo Fighters,269373,78,0.433,0.959,9,-4.04,1,0.0431,0.000917,0.0,0.028,0.365,172.984,2022
419,Duerme Conmigo,Revolcón,5LcXfZNKemUkLyAXT0jSQM,Marea,218133,45,0.471,0.951,1,-4.173,0,0.122,0.0016,4.68e-06,0.288,0.556,90.522,2022
420,ANIMAL,TM,0dTCvZga5dOD59rVW6rtof,BROCKHAMPTON,262973,61,0.686,0.448,5,-8.396,1,0.0396,0.0515,0.0229,0.113,0.312,125.002,2022
421,LISTERINE,TM,4wO7V8MuYSJ3BnSdj1CCiy,BROCKHAMPTON,186400,60,0.734,0.461,7,-8.019,0,0.233,0.101,8.21e-06,0.105,0.36,145.031,2022
422,KEEP IT SOUTHERN,TM,1sNBHeUSm0zmol4taxYhzY,BROCKHAMPTON,117333,62,0.699,0.713,11,-7.129,1,0.192,0.0953,0.0,0.224,0.75,83.085,2022
423,NEW SHOES,TM,4Cy0RmJ3wVnlfdDlzqoZ1H,BROCKHAMPTON,198293,65,0.809,0.557,6,-9.645,0,0.247,0.175,4.41e-06,0.122,0.734,158.048,2022
424,GOODBYE,TM,7G4yUa1qawOeOImIjDnjcf,BROCKHAMPTON,169120,58,0.772,0.677,9,-9.09,1,0.0847,0.14,0.0838,0.105,0.327,128.067,2022
425,Times Like These,One By One (Expanded Edition),67vYdAAM3oGsEImCRfbtsF,Foo Fighters,265560,70,0.376,0.908,4,-3.793,0,0.0879,1.4e-05,1.4e-05,0.241,0.266,144.581,2022
426,I Like You (A Happier Song) (with Doja Cat),Twelve Carat Toothache,0O6u0VJ46W86TxN9wgyqDj,Post Malone,192840,89,0.733,0.67,5,-6.009,1,0.0751,0.121,0.0,0.121,0.472,100.964,2022
427,You're So Real,Fever,2P4SwarBghj39VmdlYX0hY,Balthazar,247120,36,0.694,0.553,5,-7.887,0,0.0309,0.0238,0.627,0.177,0.503,135.967,2022
428,BETTER THINGS,TM,3EM6K9XRPJvZjkDftfSe1u,BROCKHAMPTON,173026,60,0.42,0.161,2,-14.746,1,0.0478,0.926,0.000847,0.123,0.309,123.576,2022
429,Amphetamine,blkswn,3Zau3JcrZcBfw8aVjKGkSX,Smino,469830,63,0.619,0.532,5,-9.554,1,0.515,0.715,1.33e-05,0.0953,0.401,120.019,2022
430,All My Life,One By One (Expanded Edition),6tsojOQ5wHaIjKqIryLZK6,Foo Fighters,263440,73,0.577,0.604,5,-5.703,1,0.0495,0.000218,0.000579,0.477,0.637,167.719,2022
431,Kathleen,The Balcony,1MHYAqWWdDRePmnqORynrq,Catfish and the Bottlemen,160886,66,0.489,0.892,11,-4.757,0,0.0786,0.000369,0.00293,0.411,0.598,137.93,2022
432,"Drugs on M, Pt. 2",DopeBoy,1xhe1Vf7AY0AMxBpLAmcyi,Matty Wood$,109875,55,0.761,0.502,9,-10.928,1,0.316,0.617,0.0,0.162,0.918,72.026,2022
433,Nikes On,Tungsten,5b31aX22XfycZp4LcpaG8p,Healy,162289,56,0.825,0.313,9,-9.564,1,0.218,0.635,0.000166,0.107,0.242,83.014,2022
434,Innamission,blkswn,7svLpna6i9NbCVBciVCUWG,Smino,135360,48,0.741,0.512,0,-8.388,1,0.315,0.82,0.0,0.383,0.399,114.249,2022
435,Monkey Wrench,The Colour And The Shape,44wXefe8WB9Fd6xwtmAwbR,Foo Fighters,231480,69,0.401,0.953,4,-4.276,1,0.0752,1.83e-05,2.56e-05,0.149,0.555,174.217,2022
436,Walk,Wasting Light,76Je5Wklky23mVoxiRszcN,Foo Fighters,255960,69,0.234,0.865,9,-5.131,1,0.0516,3.62e-05,0.000532,0.289,0.194,137.107,2022
437,"Quevedo: Bzrp Music Sessions, Vol. 52","Quevedo: Bzrp Music Sessions, Vol. 52",2tTmW7RDtMQtBk7m2rYeSw,Bizarrap,198937,97,0.621,0.782,2,-5.548,1,0.044,0.0125,0.033,0.23,0.55,128.033,2022
438,Cocoon,The Balcony,1B241LRKmK6qDDTZfUajmm,Catfish and the Bottlemen,236887,65,0.446,0.91,7,-4.481,0,0.0652,0.000254,9.76e-05,0.077,0.325,133.053,2022
439,Big Me,Foo Fighters,6pb5BBnIM5IM7R1cqag6rE,Foo Fighters,132840,64,0.579,0.708,0,-10.419,1,0.0374,0.442,0.0,0.11,0.846,130.97,2022
440,Paprika,Halfway Off the Porch,1g1gyDrAS54nt2vV7YlJ7t,AG Club,168463,28,0.506,0.449,9,-8.553,1,0.138,0.92,0.0,0.123,0.289,148.577,2022
441,Nonstop,Nonstop,7ANJlQ67bYtNz0rNUFL0E2,Quevedo,229658,64,0.733,0.578,9,-8.175,1,0.0889,0.11,0.0,0.456,0.293,139.045,2022
442,CRUCIFY ME,TM,5IcCUx9Zl1VfdSlo5B4Dkt,BROCKHAMPTON,262013,59,0.594,0.648,2,-9.87,1,0.0928,0.228,0.000103,0.161,0.288,132.099,2022
443,Buenos Genes,Flakk Daniel's Lp,76NtMPMpA6fuUH4euMYZoD,Rels B,245190,71,0.804,0.535,4,-8.603,0,0.143,0.486,0.0,0.108,0.628,151.957,2022
444,First Class,Come Home The Kids Miss You,0wHFktze2PHC5jDt3B17DC,Jack Harlow,173947,84,0.902,0.582,5,-5.902,0,0.109,0.111,3.18e-06,0.111,0.332,107.005,2022
445,I Might Slip Away if I Don't Feel Nothing,Forest Green (Deluxe),29kixq8kxaIuxN0TAZomaU,Q,101052,53,0.615,0.66,8,-6.361,1,0.0874,0.026,4.51e-06,0.112,0.632,151.246,2022
446,DUCT TAPE,TM,3tpRumXI5wK0YxFw65y9zZ,BROCKHAMPTON,284720,59,0.642,0.818,7,-8.689,1,0.108,0.683,0.114,0.157,0.481,150.019,2022
447,Homesick,The Balcony,7lnXzMcgaK7CnzaQ7wj6k0,Catfish and the Bottlemen,148092,59,0.699,0.6,1,-6.328,1,0.134,0.00231,0.00963,0.114,0.586,142.037,2022
448,Wheels,Greatest Hits,3KsatAMRt1a7iryhWt5I8U,Foo Fighters,278213,63,0.426,0.792,9,-4.709,1,0.0374,0.000495,5.1e-06,0.142,0.557,161.994,2022
449,These Days,Wasting Light,2kN05N1AQQplsgFweFAqYb,Foo Fighters,298266,63,0.531,0.664,2,-4.428,1,0.0304,0.000261,0.0,0.205,0.215,135.3,2022
452,Livin It Up (with Post Malone & A$AP Rocky),Punk,7zjEyeBsaw9gV0jofJLfOM,Young Thug,210906,73,0.767,0.313,7,-12.059,1,0.0798,0.838,0.0,0.105,0.765,82.582,2022
454,Paprika,Halfway Off the Porch,147IEnHmRbR08vBVfwQpoP,AG Club,168463,13,0.506,0.449,9,-8.553,1,0.138,0.92,0.0,0.123,0.289,148.577,2022
456,First Class,First Class,1rDQ4oMwGJI7B4tovsBOxc,Jack Harlow,173947,72,0.905,0.563,8,-6.135,1,0.102,0.0254,9.71e-06,0.113,0.324,106.998,2022
457,Hngover,Halfway Off the Porch,6TieEd9BS8NdArngd4AvtA,AG Club,269113,34,0.55,0.665,1,-8.688,0,0.269,0.462,2.63e-05,0.158,0.146,79.845,2022
458,Congratulations,Stoney (Deluxe),3a1lNhkSLSkpJE4MSHpDu9,Post Malone,220293,81,0.63,0.804,6,-4.183,1,0.0363,0.215,0.0,0.253,0.492,123.146,2022
459,"Cayó La Noche (feat. Cruz Cafuné, Abhir Hathi, Bejo, EL IMA) [Remix]","Cayó La Noche (feat. Cruz Cafuné, Abhir Hathi, Bejo, EL IMA) [Remix]",0Bv7O6fmZk3GrNQFYJaXPn,La Pantera,413110,76,0.672,0.745,5,-5.269,0,0.3,0.438,9.29e-06,0.0699,0.739,173.974,2022
461,HUMBLE.,DAMN.,7KXjTSCq5nL1LoYtL7XAwS,Kendrick Lamar,177000,84,0.908,0.621,1,-6.638,0,0.102,0.000282,5.39e-05,0.0958,0.421,150.011,2022
463,"F**kin' Problems (feat. Drake, 2 Chainz & Kendrick Lamar)",LONG.LIVE.A$AP (Deluxe Version),4X5f3vT8MRuXF68pfjNte5,A$AP Rocky,233786,75,0.853,0.693,1,-6.87,1,0.275,0.0239,0.0,0.11,0.662,95.967,2022
464,Lucy,Lucy,5RxpYHVbGJPOvSEATQyg9P,Still Woozy,142500,68,0.647,0.537,6,-12.006,0,0.21,0.43,0.000258,0.119,0.846,84.46,2022
465,Arte y Paciencia,Arte y Paciencia,0IVVdkzsx9K0f5jtNRc7Po,Chusterfield,242480,37,0.626,0.471,4,-13.863,0,0.266,0.813,0.0,0.119,0.711,97.972,2022
466,No Saben Como Vivo,No Saben Como Vivo,76Uh13sk4vhuVtQHq4VB3d,Dollar Selmouni,169017,51,0.824,0.436,2,-8.59,1,0.125,0.599,0.0,0.162,0.681,94.044,2022
468,Nos Vamos a Comer el Mundo (feat. La Maravillosa Orquesta del Alcohol),Blue Sundays,0OoKdDHrXXTWhxa5hwq3iG,Juancho Marqués,246000,47,0.557,0.538,1,-8.503,0,0.0984,0.708,0.0,0.109,0.229,89.939,2022
469,Get Along Better,Certified Lover Boy,5ScbulRnixQ2XAdvrPMFjz,Drake,229303,71,0.32,0.466,8,-6.77,1,0.0374,0.00645,0.0,0.133,0.338,177.693,2022
470,PUFFIN ON ZOOTIEZ,I NEVER LIKED YOU,1qMMYpVatbRITKCfq1gasi,Future,172933,80,0.883,0.657,8,-5.748,1,0.305,0.0603,0.0,0.128,0.284,124.992,2022
471,LOVE. FEAT. ZACARI.,DAMN.,6PGoSes0D9eUDeeAafB2As,Kendrick Lamar,213400,82,0.8,0.585,10,-7.343,1,0.0924,0.264,0.0,0.153,0.779,126.058,2022
473,Mr. Put It On,Mr. Put It On,70EiV32gjM86o0XeTj5nq0,AG Club,167323,44,0.753,0.735,2,-6.687,1,0.391,0.101,0.0,0.357,0.714,141.982,2022
474,Mercury,Mercury,4ieZaJ1d5lmei3GOZqtfv3,Israel B,196129,51,0.586,0.579,5,-7.068,0,0.13,0.447,0.0,0.139,0.669,122.363,2022
475,Pianeti,Pianeti,2w5wtWq30yTkNSG9YjMFvW,Ultimo,224000,64,0.55,0.488,8,-9.425,1,0.196,0.281,0.0,0.372,0.108,80.112,2022
476,Si Me Muero,38º,1DYcAX38D2YMwZnCjWK9Jp,Walls,208933,48,0.517,0.617,0,-7.529,1,0.0458,0.615,0.0,0.2,0.507,164.233,2022
477,Bandolero,Tirititando,19bLlTPpMZftaP0gwi5Zvv,FERNANDOCOSTA,200000,50,0.525,0.646,8,-7.742,0,0.19,0.527,0.0,0.105,0.723,126.113,2022
478,Sundress,Sundress,2aPTvyE09vUCRwVvj0I8WK,A$AP Rocky,158205,77,0.721,0.707,6,-6.364,1,0.0595,0.181,3.68e-06,0.143,0.743,125.005,2022
479,WAIT FOR U (feat. Drake & Tems),I NEVER LIKED YOU,59nOXPmaKlBfGMDeOVGrIK,Future,189893,88,0.463,0.642,1,-4.474,1,0.34,0.314,0.0,0.0686,0.339,83.389,2022
481,BODIES (feat. Damso),KMT,3im90dPSC5z1PYJ305kgSy,Gazo,166373,68,0.906,0.518,1,-7.104,1,0.18,0.00864,0.00174,0.0711,0.259,146.06,2022
482,Praise The Lord (Da Shine) (feat. Skepta),TESTING,7ycWLEP1GsNjVvcjawXz3z,A$AP Rocky,205040,81,0.854,0.569,5,-8.151,0,0.106,0.0609,0.0816,0.1,0.294,80.015,2022
483,ROCKSTAR (feat. Roddy Ricch),BLAME IT ON BABY,7ytR5pFWmSjzHJIeQkgog4,DaBaby,181733,79,0.746,0.69,11,-7.956,1,0.164,0.247,0.0,0.101,0.497,89.977,2022
484,Sin Prisa,Sin Prisa,1LuccEv4YdpWldk4B5SAUt,Nikone,164954,44,0.652,0.442,9,-13.698,1,0.0861,0.84,5.39e-05,0.107,0.146,99.863,2022
486,En Privao (feat. J Dose),Blue Sundays,5OdkOEgSMn7bgJZBOYxw72,Juancho Marqués,173592,44,0.647,0.872,6,-4.806,1,0.254,0.622,0.0,0.21,0.962,86.021,2022
487,She's Not Gone Yet But She's Leaving,We Need Medicine,1ZeohNjdYKY1AANYak6fau,The Fratellis,230200,58,0.648,0.842,11,-6.138,0,0.0351,0.0011,6.5e-06,0.384,0.841,120.083,2022
488,Me Encanta(s),Hensito,3S1lg0ytmvtPRV4qv4iWL4,Hens,155787,58,0.503,0.733,4,-3.648,1,0.0547,0.384,0.0,0.189,0.657,173.302,2022
489,La Mujer de Verde,Magia & Efectos Especiales,72wNM7VYxTZ1PawCKzfTZx,IZAL,304573,60,0.507,0.73,7,-5.66,1,0.0514,0.187,5.14e-06,0.0843,0.244,151.965,2022
490,Λ. Lové,Ipséité,0YHVHL8qSEH5BqZPd1njUz,Damso,209560,56,0.714,0.769,2,-6.603,0,0.117,0.259,0.0,0.495,0.201,123.069,2022
491,Benicàssim (feat. InnerCut),Benicàssim (feat. InnerCut),6dQ4XjdfaEodjTlvyn6g6A,Juancho Marqués,199591,46,0.748,0.572,5,-7.692,0,0.212,0.183,3.46e-06,0.0667,0.357,97.723,2022
492,Chispa y Oxígeno,Vértigo,5SBqoQ1GNWw3SraFBAasbL,Lágrimas De Sangre,344377,46,0.606,0.663,7,-7.037,1,0.317,0.7,0.0,0.306,0.586,169.977,2022
493,Feu de bois,Lithopédion,4L0Iwsk1s8cbdBcEgdm8K5,Damso,183306,67,0.789,0.633,2,-6.269,1,0.0734,0.256,1.31e-06,0.092,0.262,138.097,2022
494,Ojitos Aguaos,Moonlight922,41N4CPnTx5JsTpupiZjKWH,Cruz Cafuné,198467,50,0.807,0.489,3,-10.848,0,0.15,0.132,0.0,0.0817,0.608,160.912,2022
496,Workin' man's Blues,So I Say,05zzG8GJPcvDKLRVjm37Gq,Current Swell,225266,21,0.55,0.656,9,-9.189,1,0.169,0.487,0.0186,0.126,0.539,103.544,2022
497,Hero Of War,Appeal To Reason,00hVU6kDP67JHurfwG2dtq,Rise Against,253080,63,0.645,0.417,4,-7.022,1,0.029,0.543,0.0,0.0982,0.256,77.054,2022
498,"Bitch, Don’t Kill My Vibe - Remix","good kid, m.A.A.d city",3SImXx6qmobDK2q7MKeR1Z,Kendrick Lamar,278520,57,0.616,0.778,1,-5.809,1,0.249,0.0499,0.0,0.204,0.145,133.785,2022
499,Your Love (feat. Tory Lanez & Lil Tjay),Your Love (feat. Tory Lanez & Lil Tjay),3HvnOAkNchsRYXAAjOpXHd,Drama Relax,221156,38,0.821,0.679,10,-4.665,1,0.133,0.358,0.0,0.119,0.63,132.977,2022
500,A las Cosas por Su Nombre,Vivir para Contarlo,0avEVorPMJyPPolMbeonBB,Violadores Del Verso,259920,46,0.885,0.877,2,-5.269,1,0.171,0.214,1.44e-06,0.116,0.89,91.985,2022
501,El Gordo Que la Pisa Bien,Divertimentos (Vol.1),3geFUUwPEbPsT6Tbj0lRb8,Kase.O,282843,49,0.78,0.803,11,-4.472,0,0.368,0.0584,0.0,0.336,0.737,82.267,2022
502,"Dani Ribba: Bzrp Freestyle Sessions, Vol. 7","Dani Ribba: Bzrp Freestyle Sessions, Vol. 7",1jKq6jcjPAd2awwuYiPswp,Bizarrap,137365,54,0.924,0.622,0,-6.824,1,0.233,0.0995,0.0,0.0971,0.74,130.063,2022
503,Al filo,Al filo,1zEEcd2XToLY6WnbSATEYE,FERNANDOCOSTA,255824,0,0.703,0.721,2,-7.802,1,0.362,0.106,0.0,0.0953,0.484,90.899,2022
504,Tranquilísimo,Tranquilísimo,3znlxKwQTRVrrerCcZPus2,Israel B,143179,33,0.828,0.714,10,-6.852,0,0.108,0.185,3.15e-06,0.244,0.407,95.967,2022
505,En Bajo Perfil,Moonlight922,1f53Xa0KL3Fw1gEnuHnprI,Cruz Cafuné,253311,46,0.501,0.461,11,-10.381,0,0.337,0.228,0.0,0.153,0.257,95.278,2022
506,Para Quedarte,De Pana y Rubí,4a4ixrdj73Zpan02jBrmn3,El Kanka,276960,46,0.82,0.339,0,-10.739,1,0.0544,0.848,0.0,0.349,0.744,124.42,2022
507,Ringui Dingui (con SFDK),Divertimentos (Vol.2),7zrmKJCfEHluOWJy8LFnTs,Kase.O,205275,56,0.877,0.792,7,-5.866,1,0.0888,0.287,0.0,0.0804,0.899,119.933,2022
509,Lost Stars,V (Deluxe),1ejtHfSXQwvaAU7F82FXww,Adam Levine,267853,58,0.494,0.582,0,-4.769,1,0.0266,0.102,0.0,0.0798,0.416,82.025,2022
510,Tiranosaurius Rex,Divertimentos (Vol.1),6fKCqK8OB2MVnYCHD9moHj,Kase.O,184322,53,0.842,0.757,5,-6.339,0,0.281,0.06,0.0,0.0628,0.578,111.938,2022
511,Solsticio de Invierno,Solsticio de Invierno,2W2NpGW58cqI1n8rNEEamO,TribuTrip,103578,0,0.719,0.602,9,-13.107,1,0.0839,0.554,0.0,0.115,0.663,95.02,2022
513,Demasiadas Mujeres,El Madrileño,3GaGWoU1KfVqgl7vnRHP55,C. Tangana,153960,79,0.658,0.453,9,-7.378,0,0.39,0.131,0.0002,0.0848,0.358,126.043,2022
514,High Today (feat. Logic),The Saga of Wiz Khalifa,6TkwBmyNs21ihKTi8Bp0eo,Wiz Khalifa,199970,57,0.775,0.629,8,-5.315,1,0.0669,0.269,0.0,0.111,0.278,112.835,2022
515,"Bejo: Bzrp Music Sessions, Vol. 27","Bejo: Bzrp Music Sessions, Vol. 27",2e3WiB8E5tf96JObVIFqWB,Bizarrap,175438,43,0.78,0.695,0,-6.716,1,0.474,0.291,0.0,0.089,0.729,80.196,2022
516,Cenizas,Cenizas,4PumtpAh2keqamD9wy2q3F,Luisaker,169894,0,0.856,0.65,7,-7.545,1,0.157,0.141,0.0,0.105,0.786,95.032,2022
517,En tu agujero,Besos de Perro,2ncjn6hRXJvtWWKlmUuNmw,Marea,304399,50,0.561,0.861,5,-4.791,1,0.0672,0.212,0.0088,0.0841,0.346,92.894,2022
518,"Dani Ribba: Bzrp Music Sessions, Vol. 24","Dani Ribba: Bzrp Music Sessions, Vol. 24",6TNuRFdNazLbbVQTRE8pZg,Bizarrap,173251,46,0.913,0.689,11,-7.74,1,0.349,0.287,0.0,0.104,0.851,129.889,2022
519,Tarde,Tarde,1E1y2OMo7uCdDR8CyctL9B,Luisaker,225885,0,0.837,0.659,4,-8.202,0,0.141,0.55,0.0,0.107,0.966,135.832,2022
520,#RapSinCorte L,#RapSinCorte L,0cc5PVt7EoRiRCjGI98YJ3,Foyone,508657,34,0.579,0.784,11,-6.991,0,0.273,0.203,0.0,0.34,0.804,91.451,2022
521,Este Verano,☉cáncer ↑capricornio ☾virgo,5570VMVvXhONghMCBbzZZE,Cruz Cafuné,175800,46,0.736,0.557,1,-9.36,1,0.104,0.112,0.0966,0.0969,0.475,85.998,2022
522,El Síndrome Anuel,El Síndrome Anuel,6Io9NpbpcUli1GihajZTUy,Foyone,365217,20,0.801,0.933,11,-6.335,0,0.408,0.214,0.0,0.282,0.393,92.141,2022
523,Ladders,Swimming,39NDBdU5Xkm5pCFGa5kZtI,Mac Miller,287040,71,0.802,0.463,8,-8.379,1,0.162,0.236,0.00531,0.105,0.291,103.961,2022
524,Mina el Hammani,Moonlight922,09Ae1id448lmrfETbExaRc,Cruz Cafuné,197033,51,0.851,0.476,11,-10.8,0,0.288,0.162,1.05e-05,0.168,0.223,124.992,2022
525,Alitas de mar (feat. Juanito Makandé),Crema,7ikoui4eGrHzzcOEaXtdZQ,Tu Otra Bonita,194050,51,0.653,0.605,7,-6.371,1,0.0368,0.581,0.0,0.101,0.531,157.838,2022
526,Si Tú Supieras,Hueso y Carne,7gJcw2AISLuYda00yodaoF,Iratxo,294626,8,0.433,0.579,2,-4.333,0,0.0901,0.857,4.35e-06,0.102,0.452,80.021,2022
527,Quédate,Quédate,0Zk2R0TwYeOpYUePX7Nm6x,Luisaker,145607,0,0.798,0.572,0,-10.863,0,0.225,0.514,0.0,0.0859,0.543,140.05,2022
528,"Lose Yourself - From ""8 Mile"" Soundtrack",Just Lose It,1v7L65Lzy0j0vdpRjJewt1,Eminem,322226,80,0.686,0.735,2,-4.616,1,0.264,0.00921,0.00066,0.342,0.0596,171.355,2022
529,Young and Able,Long Time Ago,5yQWk2KWtPa4p7p4rCMr2A,Current Swell,246933,1,0.671,0.504,5,-10.827,1,0.0383,0.788,0.0,0.11,0.671,144.215,2022
530,Es Épico,Muerte,2kd0T6zgABT8P0s2h9QU5O,Canserbero,361978,71,0.665,0.816,0,-6.753,1,0.266,0.448,0.0,0.297,0.745,93.37,2022
531,CAMBIA!,El Madrileño,5cNJO43VKHxD0XGbkhboZu,C. Tangana,188093,66,0.557,0.687,2,-4.721,1,0.0814,0.551,5.28e-05,0.0975,0.638,105.508,2022
532,Soy un pringao,Soy un pringao,1FeCQhO1BNOHOuwEnz1rCd,Santiuve,180819,29,0.907,0.244,5,-9.178,1,0.292,0.958,4.25e-06,0.0981,0.824,139.84,2022
533,Nítido,Nítido,5gEcJjcrveT2gRuyPyPeDt,Luisaker,246000,0,0.723,0.539,6,-10.094,1,0.417,0.808,0.0,0.283,0.802,80.11,2022
534,Nmout 3lik,☉cáncer ↑capricornio ☾virgo,05ZKGe9Di06EQvEYkLJnbk,Cruz Cafuné,172058,52,0.79,0.529,7,-9.391,1,0.153,0.157,0.332,0.435,0.555,129.029,2022
535,Declaració De Principis,Les Ratlles Del Banyador,5Fyer3Bfi1oRz43IZ81atV,La iaia,280766,34,0.741,0.866,1,-6.824,1,0.0526,0.617,0.127,0.131,0.589,132.03,2022
536,Lo Que en Silencio Guardo,Recopilatorio de Temas Inéditos,5ZSHDuhxImgtzSglqEPWJ3,Kaze,165173,50,0.778,0.718,7,-7.264,0,0.303,0.58,0.0,0.12,0.965,93.207,2022
537,Hong Kong,El Madrileño,4kD4ZzJ1rZIVfJ9qw85CVT,C. Tangana,203506,59,0.649,0.376,4,-7.528,1,0.039,0.0626,2.72e-05,0.0911,0.434,97.848,2022
540,Foxy Eyes,☉cáncer ↑capricornio ☾virgo,6N6q3sjuenff6vQpalPHuH,Cruz Cafuné,259518,43,0.751,0.287,9,-13.868,1,0.188,0.143,0.000983,0.0804,0.349,135.958,2022
541,Demons,Night Visions,5qaEfEh1AtSdrdrByCP7qR,Imagine Dragons,177506,84,0.505,0.71,3,-3.015,1,0.0321,0.19,0.00025,0.269,0.428,89.938,2022
542,Me Maten - Live at NPR's Tiny Desk,El Madrileño (Live at NPR's Tiny Desk),5py3FJrHEuR67BjR7wm8uj,C. Tangana,242496,63,0.614,0.583,7,-10.012,1,0.523,0.526,0.0,0.718,0.794,79.04,2022
543,Pan duro (feat. Fito y Fitipaldis),Fitografía,76ruU3fgd1IuX98ugW9PMZ,Marea,222426,44,0.475,0.561,4,-9.24,0,0.0305,0.545,0.000179,0.104,0.627,145.465,2022
544,Zoo Funk,Funk Experience,1m57M3GAKCBkiyzXsrizeo,R De Rumba,247682,34,0.848,0.832,0,-4.352,1,0.192,0.287,0.0,0.239,0.832,101.984,2022
545,Rockadown Subway Session,Rockadown Subway Session,3bdhZxL276JwNlNsQgu51s,Vanupié,214041,0,0.65,0.648,6,-6.694,0,0.339,0.525,0.0,0.683,0.792,140.607,2022
546,Je veux,Zaz,734dz1YaFITwawPpM25fSt,Zaz,215933,68,0.525,0.807,2,-6.366,0,0.0725,0.251,0.0,0.0504,0.741,155.397,2022
547,Redemption Song,Uprising,26PwuMotZqcczKLHi4Htz3,Bob Marley & The Wailers,233560,69,0.671,0.256,7,-10.743,1,0.0387,0.608,0.0,0.0737,0.694,115.871,2022
548,Last Kiss,Last Kiss,0QnONzv3TvHAWk294h6DaQ,Pearl Jam,195466,71,0.622,0.692,7,-6.97,1,0.0276,0.363,0.000158,0.193,0.774,112.053,2022
549,Zinedine,Zinedine,6DYrsZsQMqzA0ZaHmBKUjW,Ayax y Prok,127252,0,0.818,0.63,6,-8.743,0,0.466,0.0257,0.0,0.125,0.846,95.984,2022
